ISO-10303-21;
HEADER;
FILE_DESCRIPTION (( 'STEP AP203' ),
    '1' );
FILE_NAME ('DroneArmC.STEP',
    '2026-08-04T17:53:29',
    ( '' ),
    ( '' ),
    'SwSTEP 2.0',
    'SolidWorks 2026',
    '' );
FILE_SCHEMA (( 'CONFIG_CONTROL_DESIGN' ));
ENDSEC;

DATA;
#1 = ORIENTED_EDGE ( 'NONE', *, *, #1314, .T. ) ;
#2 = DIRECTION ( 'NONE',  ( -1.000000000000000000, 0.000000000000000000, 0.000000000000000000 ) ) ;
#3 = LINE ( 'NONE', #1290, #1406 ) ;
#4 = DIRECTION ( 'NONE',  ( 1.000000000000000000, 0.000000000000000000, 0.000000000000000000 ) ) ;
#5 = ADVANCED_FACE ( 'NONE', ( #1956 ), #1926, .F. ) ;
#6 = CARTESIAN_POINT ( 'NONE',  ( 72.54700538379250929, 15.00000000000001421, 3.000000000000025313 ) ) ;
#7 = ORIENTED_EDGE ( 'NONE', *, *, #1415, .F. ) ;
#8 = ADVANCED_FACE ( 'NONE', ( #1482 ), #1601, .F. ) ;
#9 = DIRECTION ( 'NONE',  ( 0.5000000000000002220, -3.023711536277456600E-15, 0.8660254037844384856 ) ) ;
#10 = VERTEX_POINT ( 'NONE', #1685 ) ;
#11 = EDGE_CURVE ( 'NONE', #175, #329, #1439, .T. ) ;
#12 = ORIENTED_EDGE ( 'NONE', *, *, #1758, .F. ) ;
#13 = CARTESIAN_POINT ( 'NONE',  ( 46.27905619136139137, 15.00000000000000533, 6.000000000000023981 ) ) ;
#14 = VECTOR ( 'NONE', #1044, 1000.000000000000000 ) ;
#15 = DIRECTION ( 'NONE',  ( 0.000000000000000000, -1.000000000000000000, -3.491481338843133355E-15 ) ) ;
#16 = CARTESIAN_POINT ( 'NONE',  ( 66.77350269189624044, 14.99999999999997335, 15.00000000000002665 ) ) ;
#17 = DIRECTION ( 'NONE',  ( 0.000000000000000000, -1.000000000000000000, -3.491481338843133355E-15 ) ) ;
#18 = EDGE_LOOP ( 'NONE', ( #1495, #660, #1087, #1529 ) ) ;
#19 = EDGE_CURVE ( 'NONE', #626, #277, #295, .T. ) ;
#20 = DIRECTION ( 'NONE',  ( 0.000000000000000000, -1.000000000000000000, -3.491481338843133355E-15 ) ) ;
#21 = EDGE_CURVE ( 'NONE', #430, #474, #1801, .T. ) ;
#22 = EDGE_CURVE ( 'NONE', #1080, #145, #721, .T. ) ;
#23 = ORIENTED_EDGE ( 'NONE', *, *, #1894, .F. ) ;
#24 = ORIENTED_EDGE ( 'NONE', *, *, #912, .T. ) ;
#25 = CARTESIAN_POINT ( 'NONE',  ( 74.27905619136137716, 15.00000000000000533, 6.000000000000023981 ) ) ;
#26 = ADVANCED_FACE ( 'NONE', ( #1317 ), #1667, .F. ) ;
#27 = LINE ( 'NONE', #354, #639 ) ;
#28 = CC_DESIGN_APPROVAL ( #1209, ( #1854 ) ) ;
#29 = FACE_OUTER_BOUND ( 'NONE', #1437, .T. ) ;
#30 = AXIS2_PLACEMENT_3D ( 'NONE', #2096, #962, #1603 ) ;
#31 = CARTESIAN_POINT ( 'NONE',  ( 89.00000000000000000, 15.00000000000000888, 5.000000000000024869 ) ) ;
#32 = ORIENTED_EDGE ( 'NONE', *, *, #797, .F. ) ;
#33 = EDGE_CURVE ( 'NONE', #137, #1039, #398, .T. ) ;
#34 = CARTESIAN_POINT ( 'NONE',  ( 0.000000000000000000, -4.999999999999975131, -4.380877463721056069E-14 ) ) ;
#35 = EDGE_CURVE ( 'NONE', #553, #1569, #1809, .T. ) ;
#36 = ORIENTED_EDGE ( 'NONE', *, *, #270, .F. ) ;
#37 = CIRCLE ( 'NONE', #514, 1.999999999999998224 ) ;
#38 = ORIENTED_EDGE ( 'NONE', *, *, #93, .F. ) ;
#39 = DIRECTION ( 'NONE',  ( 0.000000000000000000, -1.000000000000000000, -3.491481338843133355E-15 ) ) ;
#40 = CYLINDRICAL_SURFACE ( 'NONE', #1953, 2.000000000000001776 ) ;
#41 = CARTESIAN_POINT ( 'NONE',  ( 3.267949192431125027, 15.00000000000000533, 6.000000000000024869 ) ) ;
#42 = DIRECTION ( 'NONE',  ( 0.000000000000000000, 1.000000000000000000, 3.491481338843133355E-15 ) ) ;
#43 = DIRECTION ( 'NONE',  ( 0.000000000000000000, -1.000000000000000000, -3.491481338843133355E-15 ) ) ;
#44 = DIRECTION ( 'NONE',  ( 1.000000000000000000, 0.000000000000000000, -0.000000000000000000 ) ) ;
#45 = CARTESIAN_POINT ( 'NONE',  ( 58.54700538379251640, -5.000000000000026645, 14.99999999999995737 ) ) ;
#46 = ORIENTED_EDGE ( 'NONE', *, *, #1812, .T. ) ;
#47 = ORIENTED_EDGE ( 'NONE', *, *, #730, .F. ) ;
#48 = EDGE_CURVE ( 'NONE', #1104, #341, #702, .T. ) ;
#49 = DIRECTION ( 'NONE',  ( 0.000000000000000000, -1.000000000000000000, -3.491481338843133355E-15 ) ) ;
#50 = LINE ( 'NONE', #171, #1445 ) ;
#51 = ADVANCED_FACE ( 'NONE', ( #561 ), #877, .F. ) ;
#52 = DIRECTION ( 'NONE',  ( 1.000000000000000000, 0.000000000000000000, 0.000000000000000000 ) ) ;
#53 = VECTOR ( 'NONE', #1676, 1000.000000000000000 ) ;
#54 = DIRECTION ( 'NONE',  ( -0.8660254037844390407, 1.745740669421564114E-15, -0.4999999999999993339 ) ) ;
#55 = CARTESIAN_POINT ( 'NONE',  ( 58.54700538379251640, 14.99999999999997335, 15.00000000000002665 ) ) ;
#56 = CARTESIAN_POINT ( 'NONE',  ( 18.54700538379251640, -4.999999999999992006, 4.999999999999990230 ) ) ;
#57 = CARTESIAN_POINT ( 'NONE',  ( 46.54700538379251640, -4.999999999999992006, 4.999999999999990230 ) ) ;
#58 = ORIENTED_EDGE ( 'NONE', *, *, #953, .F. ) ;
#59 = EDGE_LOOP ( 'NONE', ( #375, #861, #1245, #260 ) ) ;
#60 = LINE ( 'NONE', #388, #1289 ) ;
#61 = AXIS2_PLACEMENT_3D ( 'NONE', #1826, #1026, #1046 ) ;
#62 = LINE ( 'NONE', #401, #2025 ) ;
#63 = DIRECTION ( 'NONE',  ( 0.000000000000000000, -1.000000000000000000, -3.491481338843133355E-15 ) ) ;
#64 = PLANE ( 'NONE',  #791 ) ;
#65 = DIRECTION ( 'NONE',  ( 0.000000000000000000, -1.000000000000000000, -3.491481338843133355E-15 ) ) ;
#66 = CARTESIAN_POINT ( 'NONE',  ( 86.54700538379250929, 14.99999999999996625, 17.00000000000002842 ) ) ;
#67 = DIRECTION ( 'NONE',  ( 0.000000000000000000, -1.000000000000000000, -3.491481338843133355E-15 ) ) ;
#68 = ORIENTED_EDGE ( 'NONE', *, *, #1571, .T. ) ;
#69 = EDGE_LOOP ( 'NONE', ( #1613, #1856, #456, #1221 ) ) ;
#70 = VECTOR ( 'NONE', #2007, 1000.000000000000000 ) ;
#71 = VECTOR ( 'NONE', #664, 1000.000000000000000 ) ;
#72 = FACE_BOUND ( 'NONE', #1050, .T. ) ;
#73 = CARTESIAN_POINT ( 'NONE',  ( 109.9999999999998863, 2.499999999999957367, -0.2000000000000172751 ) ) ;
#74 = CARTESIAN_POINT ( 'NONE',  ( 88.54700538379250929, -5.000000000000026645, 14.99999999999999289 ) ) ;
#75 = LINE ( 'NONE', #1348, #1644 ) ;
#76 = DATE_TIME_ROLE ( 'creation_date' ) ;
#77 = EDGE_CURVE ( 'NONE', #138, #1147, #1605, .T. ) ;
#78 = DIRECTION ( 'NONE',  ( -0.4999999999999997224, 3.023711536277457389E-15, -0.8660254037844387076 ) ) ;
#79 = ORIENTED_EDGE ( 'NONE', *, *, #1688, .T. ) ;
#80 = ORIENTED_EDGE ( 'NONE', *, *, #981, .F. ) ;
#81 = ADVANCED_FACE ( 'NONE', ( #1358 ), #1523, .F. ) ;
#82 = CARTESIAN_POINT ( 'NONE',  ( 109.9999999999998863, 4.999999999999953815, 20.19999999999998863 ) ) ;
#83 = CARTESIAN_POINT ( 'NONE',  ( 16.54700538379251995, 15.00000000000001421, 3.000000000000025313 ) ) ;
#84 = PLANE ( 'NONE',  #2084 ) ;
#85 = VECTOR ( 'NONE', #488, 1000.000000000000000 ) ;
#86 = APPLICATION_PROTOCOL_DEFINITION ( 'international standard', 'config_control_design', 1994, #468 ) ;
#87 = VECTOR ( 'NONE', #1383, 1000.000000000000000 ) ;
#88 = ORIENTED_EDGE ( 'NONE', *, *, #1378, .F. ) ;
#89 = VECTOR ( 'NONE', #1283, 1000.000000000000227 ) ;
#90 = ORIENTED_EDGE ( 'NONE', *, *, #1508, .T. ) ;
#91 = ORIENTED_EDGE ( 'NONE', *, *, #800, .T. ) ;
#92 = CARTESIAN_POINT ( 'NONE',  ( 30.54700538379251995, 14.99999999999996625, 17.00000000000002842 ) ) ;
#93 = EDGE_CURVE ( 'NONE', #1088, #1260, #503, .T. ) ;
#94 = VECTOR ( 'NONE', #1015, 1000.000000000000000 ) ;
#95 = CARTESIAN_POINT ( 'NONE',  ( 120.0000000000000000, -5.000000000000044409, 19.99999999999995381 ) ) ;
#96 = CARTESIAN_POINT ( 'NONE',  ( 60.27905619136139848, -5.000000000000023093, 13.99999999999995914 ) ) ;
#97 = DIRECTION ( 'NONE',  ( 0.000000000000000000, -1.000000000000000000, -3.491481338843133355E-15 ) ) ;
#98 = PERSON_AND_ORGANIZATION ( #544, #1304 ) ;
#99 = VECTOR ( 'NONE', #1738, 1000.000000000000000 ) ;
#100 = EDGE_LOOP ( 'NONE', ( #1653, #1792, #980, #449 ) ) ;
#101 = EDGE_CURVE ( 'NONE', #983, #714, #1837, .T. ) ;
#102 = VECTOR ( 'NONE', #851, 1000.000000000000000 ) ;
#103 = ORIENTED_EDGE ( 'NONE', *, *, #1017, .T. ) ;
#104 = FACE_OUTER_BOUND ( 'NONE', #300, .T. ) ;
#105 = VECTOR ( 'NONE', #1811, 1000.000000000000000 ) ;
#106 = LINE ( 'NONE', #123, #570 ) ;
#107 = DIRECTION ( 'NONE',  ( 0.000000000000000000, -3.491481338843133750E-15, 1.000000000000000000 ) ) ;
#108 = PERSON_AND_ORGANIZATION ( #544, #1304 ) ;
#109 = CARTESIAN_POINT ( 'NONE',  ( 80.77350269189625465, 15.00000000000000888, 5.000000000000025757 ) ) ;
#110 = ORIENTED_EDGE ( 'NONE', *, *, #21, .T. ) ;
#111 = ORIENTED_EDGE ( 'NONE', *, *, #910, .T. ) ;
#112 = VERTEX_POINT ( 'NONE', #74 ) ;
#113 = DIRECTION ( 'NONE',  ( 0.000000000000000000, -3.491481338843133750E-15, 1.000000000000000000 ) ) ;
#114 = EDGE_CURVE ( 'NONE', #1352, #1071, #2009, .T. ) ;
#115 = CARTESIAN_POINT ( 'NONE',  ( 72.54700538379250929, 15.00000000000000888, 5.000000000000024869 ) ) ;
#116 = PLANE ( 'NONE',  #1878 ) ;
#117 = ORIENTED_EDGE ( 'NONE', *, *, #122, .T. ) ;
#118 = AXIS2_PLACEMENT_3D ( 'NONE', #1246, #274, #444 ) ;
#119 = ORIENTED_EDGE ( 'NONE', *, *, #1250, .F. ) ;
#120 = ORIENTED_EDGE ( 'NONE', *, *, #1841, .F. ) ;
#121 = FACE_BOUND ( 'NONE', #1538, .T. ) ;
#122 = EDGE_CURVE ( 'NONE', #1804, #1239, #537, .T. ) ;
#123 = CARTESIAN_POINT ( 'NONE',  ( 86.54700538379250929, 14.99999999999996625, 17.00000000000002842 ) ) ;
#124 = DIRECTION ( 'NONE',  ( 1.000000000000000000, 0.000000000000000000, 0.000000000000000000 ) ) ;
#125 = CARTESIAN_POINT ( 'NONE',  ( 37.04145188432737967, -5.000000000000030198, 15.99999999999995914 ) ) ;
#126 = VECTOR ( 'NONE', #1849, 1000.000000000000000 ) ;
#127 = ORIENTED_EDGE ( 'NONE', *, *, #1167, .F. ) ;
#128 = CC_DESIGN_APPROVAL ( #541, ( #506 ) ) ;
#129 = ORIENTED_EDGE ( 'NONE', *, *, #1534, .F. ) ;
#130 = CARTESIAN_POINT ( 'NONE',  ( 58.54700538379251640, 14.99999999999997335, 15.00000000000002665 ) ) ;
#131 = VERTEX_POINT ( 'NONE', #526 ) ;
#132 = CARTESIAN_POINT ( 'NONE',  ( 19.00000000000000355, 14.99999999999997335, 15.00000000000002665 ) ) ;
#133 = CARTESIAN_POINT ( 'NONE',  ( 58.54700538379251640, 14.99999999999996625, 17.00000000000002842 ) ) ;
#134 = AXIS2_PLACEMENT_3D ( 'NONE', #172, #1924, #812 ) ;
#135 = PLANE ( 'NONE',  #1798 ) ;
#136 = EDGE_CURVE ( 'NONE', #1909, #483, #1155, .T. ) ;
#137 = VERTEX_POINT ( 'NONE', #358 ) ;
#138 = VERTEX_POINT ( 'NONE', #1980 ) ;
#139 = EDGE_CURVE ( 'NONE', #1071, #1790, #370, .T. ) ;
#140 = ORIENTED_EDGE ( 'NONE', *, *, #646, .F. ) ;
#141 = CARTESIAN_POINT ( 'NONE',  ( 18.27905619136139492, -4.999999999999995559, 5.999999999999953815 ) ) ;
#142 = DIRECTION ( 'NONE',  ( 0.000000000000000000, -1.000000000000000000, -3.491481338843133355E-15 ) ) ;
#143 = CARTESIAN_POINT ( 'NONE',  ( 100.5470053837925093, 15.00000000000001421, 3.000000000000025313 ) ) ;
#144 = CARTESIAN_POINT ( 'NONE',  ( 74.27905619136137716, -4.999999999999995559, 5.999999999999953815 ) ) ;
#145 = VERTEX_POINT ( 'NONE', #1216 ) ;
#146 = VERTEX_POINT ( 'NONE', #96 ) ;
#147 = VECTOR ( 'NONE', #1833, 1000.000000000000000 ) ;
#148 = LINE ( 'NONE', #1449, #938 ) ;
#149 = ORIENTED_EDGE ( 'NONE', *, *, #1340, .F. ) ;
#150 = VECTOR ( 'NONE', #17, 1000.000000000000000 ) ;
#151 = ORIENTED_EDGE ( 'NONE', *, *, #571, .T. ) ;
#152 = DIRECTION ( 'NONE',  ( 0.000000000000000000, -1.000000000000000000, -3.491481338843133355E-15 ) ) ;
#153 = DIRECTION ( 'NONE',  ( -1.000000000000000000, 0.000000000000000000, 0.000000000000000000 ) ) ;
#154 = CYLINDRICAL_SURFACE ( 'NONE', #2030, 2.500000000000067502 ) ;
#155 = CARTESIAN_POINT ( 'NONE',  ( 0.000000000000000000, 15.00000000000002487, 2.602085213965210642E-14 ) ) ;
#156 = ORIENTED_EDGE ( 'NONE', *, *, #1726, .T. ) ;
#157 = AXIS2_PLACEMENT_3D ( 'NONE', #868, #1969, #210 ) ;
#158 = DIRECTION ( 'NONE',  ( 0.000000000000000000, -1.000000000000000000, -3.491481338843133355E-15 ) ) ;
#159 = ORIENTED_EDGE ( 'NONE', *, *, #139, .T. ) ;
#160 = ORIENTED_EDGE ( 'NONE', *, *, #136, .F. ) ;
#161 = CARTESIAN_POINT ( 'NONE',  ( 72.54700538379250929, 15.00000000000000888, 5.000000000000024869 ) ) ;
#162 = FACE_OUTER_BOUND ( 'NONE', #458, .T. ) ;
#163 = DIRECTION ( 'NONE',  ( 1.000000000000000000, 0.000000000000000000, 0.000000000000000000 ) ) ;
#164 = FACE_OUTER_BOUND ( 'NONE', #1129, .T. ) ;
#165 = ORIENTED_EDGE ( 'NONE', *, *, #656, .T. ) ;
#166 = CARTESIAN_POINT ( 'NONE',  ( 58.54700538379251640, 14.99999999999996625, 17.00000000000002842 ) ) ;
#167 = VECTOR ( 'NONE', #309, 1000.000000000000000 ) ;
#168 = ORIENTED_EDGE ( 'NONE', *, *, #523, .T. ) ;
#169 = ORIENTED_EDGE ( 'NONE', *, *, #603, .F. ) ;
#170 = DIRECTION ( 'NONE',  ( 0.000000000000000000, -1.000000000000000000, -3.491481338843133355E-15 ) ) ;
#171 = CARTESIAN_POINT ( 'NONE',  ( 26.50555349946514028, -4.999999999999988454, 3.999999999999953371 ) ) ;
#172 = CARTESIAN_POINT ( 'NONE',  ( 100.5470053837925093, 15.00000000000000888, 5.000000000000024869 ) ) ;
#173 = EDGE_CURVE ( 'NONE', #418, #112, #1724, .T. ) ;
#174 = CARTESIAN_POINT ( 'NONE',  ( 45.26794919243112503, 14.99999999999997691, 14.00000000000002842 ) ) ;
#175 = VERTEX_POINT ( 'NONE', #614 ) ;
#176 = LINE ( 'NONE', #951, #1855 ) ;
#177 = VERTEX_POINT ( 'NONE', #450 ) ;
#178 = CC_DESIGN_PERSON_AND_ORGANIZATION_ASSIGNMENT ( #98, #1208, ( #506 ) ) ;
#179 = CIRCLE ( 'NONE', #1253, 1.999999999999998224 ) ;
#180 = EDGE_LOOP ( 'NONE', ( #1807, #1843, #240, #1380 ) ) ;
#181 = DIRECTION ( 'NONE',  ( 0.000000000000000000, -1.000000000000000000, -3.491481338843133355E-15 ) ) ;
#182 = AXIS2_PLACEMENT_3D ( 'NONE', #1205, #2037, #886 ) ;
#183 = LINE ( 'NONE', #343, #1379 ) ;
#184 = LINE ( 'NONE', #655, #1890 ) ;
#185 = EDGE_CURVE ( 'NONE', #1463, #1424, #931, .T. ) ;
#186 = AXIS2_PLACEMENT_3D ( 'NONE', #925, #1393, #2046 ) ;
#187 = CYLINDRICAL_SURFACE ( 'NONE', #255, 2.000000000000001776 ) ;
#188 = ORIENTED_EDGE ( 'NONE', *, *, #941, .T. ) ;
#189 = FACE_OUTER_BOUND ( 'NONE', #1592, .T. ) ;
#190 = ORIENTED_EDGE ( 'NONE', *, *, #48, .F. ) ;
#191 = ADVANCED_FACE ( 'NONE', ( #935 ), #84, .F. ) ;
#192 = VERTEX_POINT ( 'NONE', #1869 ) ;
#193 = CARTESIAN_POINT ( 'NONE',  ( 61.00000000000000000, 15.00000000000001421, 3.000000000000025313 ) ) ;
#194 = FACE_OUTER_BOUND ( 'NONE', #1296, .T. ) ;
#195 = DIRECTION ( 'NONE',  ( 0.000000000000000000, -3.491481338843133355E-15, 1.000000000000000000 ) ) ;
#196 = CYLINDRICAL_SURFACE ( 'NONE', #1098, 2.000000000000001776 ) ;
#197 = CARTESIAN_POINT ( 'NONE',  ( 61.00000000000000000, 15.00000000000001421, 3.000000000000025313 ) ) ;
#198 = CARTESIAN_POINT ( 'NONE',  ( 46.27905619136139137, -4.999999999999995559, 5.999999999999953815 ) ) ;
#199 = ADVANCED_FACE ( 'NONE', ( #1206 ), #414, .F. ) ;
#200 = DIRECTION ( 'NONE',  ( -0.4999999999999997224, -3.023711536277457389E-15, 0.8660254037844387076 ) ) ;
#201 = VERTEX_POINT ( 'NONE', #1225 ) ;
#202 = VECTOR ( 'NONE', #821, 1000.000000000000000 ) ;
#203 = ADVANCED_FACE ( 'NONE', ( #236 ), #878, .F. ) ;
#204 = EDGE_CURVE ( 'NONE', #1949, #1303, #1850, .T. ) ;
#205 = ORIENTED_EDGE ( 'NONE', *, *, #11, .F. ) ;
#206 = LINE ( 'NONE', #1161, #1502 ) ;
#207 = CARTESIAN_POINT ( 'NONE',  ( 18.27905619136139492, 15.00000000000000533, 6.000000000000023981 ) ) ;
#208 = PLANE ( 'NONE',  #1616 ) ;
#209 = DIRECTION ( 'NONE',  ( 0.000000000000000000, -1.000000000000000000, -3.491481338843133355E-15 ) ) ;
#210 = DIRECTION ( 'NONE',  ( 1.000000000000000000, 0.000000000000000000, 0.000000000000000000 ) ) ;
#211 = CYLINDRICAL_SURFACE ( 'NONE', #61, 2.000000000000001776 ) ;
#212 = CARTESIAN_POINT ( 'NONE',  ( 18.27905619136139492, -4.999999999999995559, 5.999999999999953815 ) ) ;
#213 = VERTEX_POINT ( 'NONE', #1862 ) ;
#214 = AXIS2_PLACEMENT_3D ( 'NONE', #166, #2086, #158 ) ;
#215 = ORIENTED_EDGE ( 'NONE', *, *, #224, .F. ) ;
#216 = DIRECTION ( 'NONE',  ( 1.000000000000000000, 0.000000000000000000, 0.000000000000000000 ) ) ;
#217 = FACE_OUTER_BOUND ( 'NONE', #1200, .T. ) ;
#218 = CIRCLE ( 'NONE', #1398, 1.999999999999998224 ) ;
#219 = DIRECTION ( 'NONE',  ( 0.000000000000000000, -1.000000000000000000, -3.491481338843133355E-15 ) ) ;
#220 = CARTESIAN_POINT ( 'NONE',  ( 47.00000000000000000, 14.99999999999997335, 15.00000000000002665 ) ) ;
#221 = DIRECTION ( 'NONE',  ( -1.000000000000000000, 0.000000000000000000, 0.000000000000000000 ) ) ;
#222 = CARTESIAN_POINT ( 'NONE',  ( 37.04145188432737967, 14.99999999999996980, 16.00000000000002842 ) ) ;
#223 = ORIENTED_EDGE ( 'NONE', *, *, #1611, .F. ) ;
#224 = EDGE_CURVE ( 'NONE', #1039, #131, #75, .T. ) ;
#225 = ORIENTED_EDGE ( 'NONE', *, *, #989, .T. ) ;
#226 = CARTESIAN_POINT ( 'NONE',  ( 47.00000000000000000, -5.000000000000026645, 14.99999999999995737 ) ) ;
#227 = VECTOR ( 'NONE', #1045, 1000.000000000000000 ) ;
#228 = ADVANCED_FACE ( 'NONE', ( #1668 ), #211, .F. ) ;
#229 = EDGE_CURVE ( 'NONE', #481, #983, #1708, .T. ) ;
#230 = FACE_BOUND ( 'NONE', #1853, .T. ) ;
#231 = EDGE_CURVE ( 'NONE', #1961, #310, #736, .T. ) ;
#232 = FACE_OUTER_BOUND ( 'NONE', #593, .T. ) ;
#233 = CIRCLE ( 'NONE', #747, 2.000000000000001776 ) ;
#234 = CARTESIAN_POINT ( 'NONE',  ( 17.26794919243112858, 14.99999999999997691, 14.00000000000002842 ) ) ;
#235 = CIRCLE ( 'NONE', #507, 2.000000000000001776 ) ;
#236 = FACE_OUTER_BOUND ( 'NONE', #1892, .T. ) ;
#237 = COORDINATED_UNIVERSAL_TIME_OFFSET ( 8, 0, .BEHIND. ) ;
#238 = AXIS2_PLACEMENT_3D ( 'NONE', #1499, #665, #855 ) ;
#239 = DIRECTION ( 'NONE',  ( 0.8660254037844390407, -1.745740669421564114E-15, 0.4999999999999993339 ) ) ;
#240 = ORIENTED_EDGE ( 'NONE', *, *, #1904, .T. ) ;
#241 = ORIENTED_EDGE ( 'NONE', *, *, #1527, .F. ) ;
#242 = VECTOR ( 'NONE', #1932, 1000.000000000000000 ) ;
#243 = AXIS2_PLACEMENT_3D ( 'NONE', #1368, #605, #1703 ) ;
#244 = DIRECTION ( 'NONE',  ( 1.000000000000000000, 0.000000000000000000, 0.000000000000000000 ) ) ;
#245 = CARTESIAN_POINT ( 'NONE',  ( 120.0000000000000000, 15.00000000000002487, 2.602085213965210642E-14 ) ) ;
#246 = DIRECTION ( 'NONE',  ( -1.000000000000000000, 0.000000000000000000, 0.000000000000000000 ) ) ;
#247 = COORDINATED_UNIVERSAL_TIME_OFFSET ( 8, 0, .BEHIND. ) ;
#248 = DIRECTION ( 'NONE',  ( -0.4999999999999997224, -3.023711536277457389E-15, 0.8660254037844387076 ) ) ;
#249 = VERTEX_POINT ( 'NONE', #371 ) ;
#250 = ORIENTED_EDGE ( 'NONE', *, *, #48, .T. ) ;
#251 = ADVANCED_FACE ( 'NONE', ( #2022 ), #712, .F. ) ;
#252 = ORIENTED_EDGE ( 'NONE', *, *, #1699, .T. ) ;
#253 = FACE_BOUND ( 'NONE', #461, .T. ) ;
#254 = CARTESIAN_POINT ( 'NONE',  ( 44.54700538379250929, 15.00000000000001421, 3.000000000000025313 ) ) ;
#255 = AXIS2_PLACEMENT_3D ( 'NONE', #1824, #1836, #380 ) ;
#256 = ADVANCED_FACE ( 'NONE', ( #850 ), #1186, .F. ) ;
#257 = CYLINDRICAL_SURFACE ( 'NONE', #1376, 2.500000000000067502 ) ;
#258 = PERSON_AND_ORGANIZATION_ROLE ( 'design_supplier' ) ;
#259 = ORIENTED_EDGE ( 'NONE', *, *, #2060, .F. ) ;
#260 = ORIENTED_EDGE ( 'NONE', *, *, #1634, .F. ) ;
#261 = CARTESIAN_POINT ( 'NONE',  ( 26.50555349946514028, 15.00000000000001243, 4.000000000000023093 ) ) ;
#262 = LINE ( 'NONE', #281, #288 ) ;
#263 = LINE ( 'NONE', #133, #1103 ) ;
#264 = APPROVAL_DATE_TIME ( #563, #662 ) ;
#265 = AXIS2_PLACEMENT_3D ( 'NONE', #1361, #394, #1318 ) ;
#266 = ORIENTED_EDGE ( 'NONE', *, *, #19, .T. ) ;
#267 = AXIS2_PLACEMENT_3D ( 'NONE', #1489, #534, #1810 ) ;
#268 = CIRCLE ( 'NONE', #1447, 2.000000000000001776 ) ;
#269 = VERTEX_POINT ( 'NONE', #1327 ) ;
#270 = EDGE_CURVE ( 'NONE', #474, #269, #1166, .T. ) ;
#271 = DIRECTION ( 'NONE',  ( 0.000000000000000000, -3.491481338843133750E-15, 1.000000000000000000 ) ) ;
#272 = CIRCLE ( 'NONE', #1387, 2.000000000000001776 ) ;
#273 = CARTESIAN_POINT ( 'NONE',  ( 88.27905619136139137, -5.000000000000023093, 13.99999999999996092 ) ) ;
#274 = DIRECTION ( 'NONE',  ( 0.000000000000000000, -1.000000000000000000, -3.491481338843133355E-15 ) ) ;
#275 = CARTESIAN_POINT ( 'NONE',  ( 5.000000000000000888, -4.999999999999985789, 2.999999999999955591 ) ) ;
#276 = APPROVAL_STATUS ( 'not_yet_approved' ) ;
#277 = VERTEX_POINT ( 'NONE', #56 ) ;
#278 = ORIENTED_EDGE ( 'NONE', *, *, #1781, .F. ) ;
#279 = ORIENTED_EDGE ( 'NONE', *, *, #1834, .F. ) ;
#280 = CARTESIAN_POINT ( 'NONE',  ( 109.9999999999998863, 5.000000000000051514, -7.471067811865678365 ) ) ;
#281 = CARTESIAN_POINT ( 'NONE',  ( 32.54700538379252350, 14.99999999999997335, 15.00000000000002665 ) ) ;
#282 = AXIS2_PLACEMENT_3D ( 'NONE', #1265, #1950, #475 ) ;
#283 = CARTESIAN_POINT ( 'NONE',  ( 12.50555349946514028, 14.99999999999996980, 16.00000000000002842 ) ) ;
#284 = DIRECTION ( 'NONE',  ( 1.000000000000000000, 0.000000000000000000, 0.000000000000000000 ) ) ;
#285 = AXIS2_PLACEMENT_3D ( 'NONE', #1285, #20, #1935 ) ;
#286 = CIRCLE ( 'NONE', #1633, 2.000000000000001776 ) ;
#287 = ORIENTED_EDGE ( 'NONE', *, *, #1781, .T. ) ;
#288 = VECTOR ( 'NONE', #1573, 1000.000000000000000 ) ;
#289 = EDGE_CURVE ( 'NONE', #1254, #314, #2049, .T. ) ;
#290 = ORIENTED_EDGE ( 'NONE', *, *, #1624, .T. ) ;
#291 = CYLINDRICAL_SURFACE ( 'NONE', #1526, 2.500000000000067502 ) ;
#292 = EDGE_LOOP ( 'NONE', ( #1958, #1554, #88, #901 ) ) ;
#293 = DIRECTION ( 'NONE',  ( 0.000000000000000000, -1.000000000000000000, -3.491481338843133355E-15 ) ) ;
#294 = DIRECTION ( 'NONE',  ( 0.000000000000000000, -1.000000000000000000, -3.491481338843133355E-15 ) ) ;
#295 = CIRCLE ( 'NONE', #965, 1.999999999999998224 ) ;
#296 = CARTESIAN_POINT ( 'NONE',  ( 88.27905619136139137, 14.99999999999997691, 14.00000000000003020 ) ) ;
#297 = ORIENTED_EDGE ( 'NONE', *, *, #397, .T. ) ;
#298 = CC_DESIGN_SECURITY_CLASSIFICATION ( #1854, ( #506 ) ) ;
#299 = CIRCLE ( 'NONE', #406, 2.000000000000001776 ) ;
#300 = EDGE_LOOP ( 'NONE', ( #1099, #129, #91, #1727 ) ) ;
#301 = CARTESIAN_POINT ( 'NONE',  ( 65.04145188432737257, -5.000000000000030198, 15.99999999999995914 ) ) ;
#302 = LINE ( 'NONE', #1430, #496 ) ;
#303 = CARTESIAN_POINT ( 'NONE',  ( 96.50555349946513672, 14.99999999999996980, 16.00000000000002132 ) ) ;
#304 = CARTESIAN_POINT ( 'NONE',  ( 45.26794919243112503, 14.99999999999997691, 14.00000000000002842 ) ) ;
#305 = ORIENTED_EDGE ( 'NONE', *, *, #1002, .F. ) ;
#306 = VERTEX_POINT ( 'NONE', #770 ) ;
#307 = DIRECTION ( 'NONE',  ( 0.5000000000000002220, -3.023711536277456600E-15, 0.8660254037844384856 ) ) ;
#308 = ORIENTED_EDGE ( 'NONE', *, *, #1611, .T. ) ;
#309 = DIRECTION ( 'NONE',  ( -0.000000000000000000, 1.000000000000000000, 3.491481338843133355E-15 ) ) ;
#310 = VERTEX_POINT ( 'NONE', #763 ) ;
#311 = CARTESIAN_POINT ( 'NONE',  ( 16.54700538379251995, 15.00000000000000888, 5.000000000000024869 ) ) ;
#312 = DIRECTION ( 'NONE',  ( 0.000000000000000000, -1.000000000000000000, -3.491481338843133355E-15 ) ) ;
#313 = DIRECTION ( 'NONE',  ( 0.000000000000000000, -1.000000000000000000, -3.491481338843133355E-15 ) ) ;
#314 = VERTEX_POINT ( 'NONE', #1715 ) ;
#315 = ADVANCED_FACE ( 'NONE', ( #927 ), #257, .T. ) ;
#316 = CARTESIAN_POINT ( 'NONE',  ( 72.54700538379250929, -4.999999999999992006, 4.999999999999954703 ) ) ;
#317 = ORIENTED_EDGE ( 'NONE', *, *, #231, .F. ) ;
#318 = VECTOR ( 'NONE', #1410, 1000.000000000000000 ) ;
#319 = EDGE_LOOP ( 'NONE', ( #519, #32, #127, #1560 ) ) ;
#320 = CARTESIAN_POINT ( 'NONE',  ( 102.2790561913613772, 15.00000000000000533, 6.000000000000023981 ) ) ;
#321 = CARTESIAN_POINT ( 'NONE',  ( 59.26794919243111792, 15.00000000000000533, 6.000000000000023981 ) ) ;
#322 = CARTESIAN_POINT ( 'NONE',  ( 23.04145188432737967, 15.00000000000001243, 4.000000000000025757 ) ) ;
#323 = CARTESIAN_POINT ( 'NONE',  ( 23.04145188432737612, 15.00000000000001243, 4.000000000000024869 ) ) ;
#324 = ORIENTED_EDGE ( 'NONE', *, *, #114, .T. ) ;
#325 = VECTOR ( 'NONE', #936, 1000.000000000000000 ) ;
#326 = CARTESIAN_POINT ( 'NONE',  ( 68.50555349946513672, -5.000000000000030198, 15.99999999999995204 ) ) ;
#327 = ORIENTED_EDGE ( 'NONE', *, *, #731, .F. ) ;
#328 = EDGE_CURVE ( 'NONE', #991, #704, #1086, .T. ) ;
#329 = VERTEX_POINT ( 'NONE', #1409 ) ;
#330 = CARTESIAN_POINT ( 'NONE',  ( 86.54700538379250929, 14.99999999999997335, 15.00000000000002665 ) ) ;
#331 = EDGE_CURVE ( 'NONE', #1260, #1254, #263, .T. ) ;
#332 = ADVANCED_FACE ( 'NONE', ( #615 ), #2071, .F. ) ;
#333 = FACE_OUTER_BOUND ( 'NONE', #1565, .T. ) ;
#334 = DIRECTION ( 'NONE',  ( 0.000000000000000000, -1.000000000000000000, -3.491481338843133355E-15 ) ) ;
#335 = LINE ( 'NONE', #937, #150 ) ;
#336 = ORIENTED_EDGE ( 'NONE', *, *, #1760, .F. ) ;
#337 = DIRECTION ( 'NONE',  ( -1.000000000000000000, -0.000000000000000000, 0.000000000000000000 ) ) ;
#338 = VECTOR ( 'NONE', #1940, 1000.000000000000114 ) ;
#339 = ORIENTED_EDGE ( 'NONE', *, *, #578, .T. ) ;
#340 = EDGE_CURVE ( 'NONE', #145, #1768, #1217, .T. ) ;
#341 = VERTEX_POINT ( 'NONE', #275 ) ;
#342 = LINE ( 'NONE', #320, #1051 ) ;
#343 = CARTESIAN_POINT ( 'NONE',  ( 46.99999999999999289, 14.99999999999996625, 17.00000000000002842 ) ) ;
#344 = CYLINDRICAL_SURFACE ( 'NONE', #810, 2.000000000000001776 ) ;
#345 = DIRECTION ( 'NONE',  ( 0.4999999999999993339, 3.023711536277458572E-15, -0.8660254037844390407 ) ) ;
#346 = CARTESIAN_POINT ( 'NONE',  ( 24.77350269189625820, 15.00000000000000888, 5.000000000000025757 ) ) ;
#347 = EDGE_CURVE ( 'NONE', #1576, #1297, #1725, .T. ) ;
#348 = DIRECTION ( 'NONE',  ( -0.4999999999999997224, 3.023711536277457389E-15, -0.8660254037844387076 ) ) ;
#349 = ORIENTED_EDGE ( 'NONE', *, *, #139, .F. ) ;
#350 = AXIS2_PLACEMENT_3D ( 'NONE', #1600, #1117, #1767 ) ;
#351 = ORIENTED_EDGE ( 'NONE', *, *, #905, .F. ) ;
#352 = CYLINDRICAL_SURFACE ( 'NONE', #1396, 1.999999999999998224 ) ;
#353 = VECTOR ( 'NONE', #1868, 1000.000000000000000 ) ;
#354 = CARTESIAN_POINT ( 'NONE',  ( 102.2790561913613772, -4.999999999999995559, 5.999999999999953815 ) ) ;
#355 = LINE ( 'NONE', #1001, #1860 ) ;
#356 = AXIS2_PLACEMENT_3D ( 'NONE', #1612, #1912, #467 ) ;
#357 = CARTESIAN_POINT ( 'NONE',  ( 102.2790561913613772, 15.00000000000000533, 6.000000000000023981 ) ) ;
#358 = CARTESIAN_POINT ( 'NONE',  ( 31.26794919243112147, 15.00000000000000533, 6.000000000000023981 ) ) ;
#359 = EDGE_CURVE ( 'NONE', #1088, #881, #2058, .T. ) ;
#360 = CARTESIAN_POINT ( 'NONE',  ( 109.9999999999998863, 7.500000000000093259, -1.652579016711604921E-16 ) ) ;
#361 = EDGE_LOOP ( 'NONE', ( #611, #396, #808, #2098 ) ) ;
#362 = AXIS2_PLACEMENT_3D ( 'NONE', #346, #1757, #961 ) ;
#363 = ORIENTED_EDGE ( 'NONE', *, *, #359, .T. ) ;
#364 = ORIENTED_EDGE ( 'NONE', *, *, #1486, .T. ) ;
#365 = DIRECTION ( 'NONE',  ( 0.000000000000000000, -1.000000000000000000, -3.491481338843133355E-15 ) ) ;
#366 = LINE ( 'NONE', #654, #1579 ) ;
#367 = LOCAL_TIME ( 10, 53, 29.00000000000000000, #879 ) ;
#368 = LINE ( 'NONE', #866, #777 ) ;
#369 = FACE_OUTER_BOUND ( 'NONE', #1929, .T. ) ;
#370 = LINE ( 'NONE', #1165, #1373 ) ;
#371 = CARTESIAN_POINT ( 'NONE',  ( 54.50555349946513672, 15.00000000000001243, 4.000000000000023093 ) ) ;
#372 = LINE ( 'NONE', #1187, #473 ) ;
#373 = ORIENTED_EDGE ( 'NONE', *, *, #1378, .T. ) ;
#374 = AXIS2_PLACEMENT_3D ( 'NONE', #82, #195, #1163 ) ;
#375 = ORIENTED_EDGE ( 'NONE', *, *, #2048, .F. ) ;
#376 = CYLINDRICAL_SURFACE ( 'NONE', #1697, 2.000000000000001776 ) ;
#377 = AXIS2_PLACEMENT_3D ( 'NONE', #701, #1528, #1338 ) ;
#378 = APPLICATION_PROTOCOL_DEFINITION ( 'international standard', 'config_control_design', 1994, #1382 ) ;
#379 = DIRECTION ( 'NONE',  ( -0.8660254037844388186, -1.745740669421565889E-15, 0.4999999999999997780 ) ) ;
#380 = DIRECTION ( 'NONE',  ( 1.000000000000000000, 0.000000000000000000, 0.000000000000000000 ) ) ;
#381 = DIRECTION ( 'NONE',  ( 0.000000000000000000, -1.000000000000000000, -3.491481338843133355E-15 ) ) ;
#382 = EDGE_CURVE ( 'NONE', #2015, #942, #445, .T. ) ;
#383 = PLANE ( 'NONE',  #598 ) ;
#384 = ORIENTED_EDGE ( 'NONE', *, *, #2066, .T. ) ;
#385 = EDGE_CURVE ( 'NONE', #1341, #1750, #1899, .T. ) ;
#386 = CIRCLE ( 'NONE', #282, 2.000000000000001776 ) ;
#387 = VERTEX_POINT ( 'NONE', #1870 ) ;
#388 = CARTESIAN_POINT ( 'NONE',  ( 89.00000000000000000, 15.00000000000001421, 3.000000000000025313 ) ) ;
#389 = EDGE_CURVE ( 'NONE', #2078, #1790, #917, .T. ) ;
#390 = DIRECTION ( 'NONE',  ( -0.4999999999999997224, 3.023711536277457389E-15, -0.8660254037844387076 ) ) ;
#391 = CIRCLE ( 'NONE', #995, 2.000000000000001776 ) ;
#392 = CARTESIAN_POINT ( 'NONE',  ( 33.00000000000000000, -4.999999999999985789, 2.999999999999955591 ) ) ;
#393 = CARTESIAN_POINT ( 'NONE',  ( 33.00000000000000000, 15.00000000000000888, 5.000000000000024869 ) ) ;
#394 = DIRECTION ( 'NONE',  ( 0.000000000000000000, -3.491481338843133355E-15, 1.000000000000000000 ) ) ;
#395 = ORIENTED_EDGE ( 'NONE', *, *, #359, .F. ) ;
#396 = ORIENTED_EDGE ( 'NONE', *, *, #2005, .F. ) ;
#397 = EDGE_CURVE ( 'NONE', #310, #1239, #1095, .T. ) ;
#398 = CIRCLE ( 'NONE', #1847, 2.000000000000001776 ) ;
#399 = VERTEX_POINT ( 'NONE', #907 ) ;
#400 = EDGE_CURVE ( 'NONE', #1463, #1303, #1547, .T. ) ;
#401 = CARTESIAN_POINT ( 'NONE',  ( 74.54700538379250929, 15.00000000000000888, 5.000000000000024869 ) ) ;
#402 = FACE_OUTER_BOUND ( 'NONE', #893, .T. ) ;
#403 = CARTESIAN_POINT ( 'NONE',  ( 52.77350269189625465, -4.999999999999992006, 4.999999999999955591 ) ) ;
#404 = VECTOR ( 'NONE', #1467, 1000.000000000000114 ) ;
#405 = CARTESIAN_POINT ( 'NONE',  ( 74.99999999999998579, 14.99999999999996625, 17.00000000000002842 ) ) ;
#406 = AXIS2_PLACEMENT_3D ( 'NONE', #316, #1261, #1957 ) ;
#407 = DIRECTION ( 'NONE',  ( -0.4999999999999997224, -3.023711536277457389E-15, 0.8660254037844387076 ) ) ;
#408 = CARTESIAN_POINT ( 'NONE',  ( 31.26794919243112147, -4.999999999999995559, 5.999999999999953815 ) ) ;
#409 = EDGE_LOOP ( 'NONE', ( #159, #944, #1550, #324 ) ) ;
#410 = VERTEX_POINT ( 'NONE', #1563 ) ;
#411 = VECTOR ( 'NONE', #1896, 1000.000000000000000 ) ;
#412 = DIRECTION ( 'NONE',  ( 0.000000000000000000, -1.000000000000000000, -3.491481338843133355E-15 ) ) ;
#413 = LINE ( 'NONE', #1054, #457 ) ;
#414 = CYLINDRICAL_SURFACE ( 'NONE', #1264, 2.000000000000001776 ) ;
#415 = DIRECTION ( 'NONE',  ( 0.000000000000000000, -1.000000000000000000, -3.491481338843133355E-15 ) ) ;
#416 = PERSON_AND_ORGANIZATION ( #544, #1304 ) ;
#417 = EDGE_LOOP ( 'NONE', ( #1672, #752, #928, #1426 ) ) ;
#418 = VERTEX_POINT ( 'NONE', #2047 ) ;
#419 = PRODUCT_DEFINITION_SHAPE ( 'NONE', 'NONE',  #1655 ) ;
#420 =( NAMED_UNIT ( * ) SI_UNIT ( $, .STERADIAN. ) SOLID_ANGLE_UNIT ( ) );
#421 = DIRECTION ( 'NONE',  ( 0.000000000000000000, -1.000000000000000000, -3.469446951953520709E-15 ) ) ;
#422 = AXIS2_PLACEMENT_3D ( 'NONE', #993, #816, #638 ) ;
#423 = CARTESIAN_POINT ( 'NONE',  ( 26.50555349946514028, -4.999999999999988454, 3.999999999999953371 ) ) ;
#424 = DIRECTION ( 'NONE',  ( 0.000000000000000000, -1.000000000000000000, -3.491481338843133355E-15 ) ) ;
#425 = AXIS2_PLACEMENT_3D ( 'NONE', #1513, #54, #345 ) ;
#426 = FACE_OUTER_BOUND ( 'NONE', #100, .T. ) ;
#427 = SHAPE_DEFINITION_REPRESENTATION ( #419, #1310 ) ;
#428 = EDGE_LOOP ( 'NONE', ( #520, #1100, #1134, #2043, #658, #692, #2082 ) ) ;
#429 = EDGE_CURVE ( 'NONE', #1413, #1509, #748, .T. ) ;
#430 = VERTEX_POINT ( 'NONE', #607 ) ;
#431 = ADVANCED_FACE ( 'NONE', ( #426 ), #116, .F. ) ;
#432 = AXIS2_PLACEMENT_3D ( 'NONE', #858, #1504, #1034 ) ;
#433 = FACE_BOUND ( 'NONE', #843, .T. ) ;
#434 = DIRECTION ( 'NONE',  ( 0.000000000000000000, -1.000000000000000000, -3.491481338843133355E-15 ) ) ;
#435 = CARTESIAN_POINT ( 'NONE',  ( 40.50555349946513672, 14.99999999999996980, 16.00000000000002842 ) ) ;
#436 = VECTOR ( 'NONE', #97, 1000.000000000000000 ) ;
#437 = EDGE_LOOP ( 'NONE', ( #663, #773, #1913, #1719, #1901, #1928, #2006 ) ) ;
#438 = ORIENTED_EDGE ( 'NONE', *, *, #571, .F. ) ;
#439 = ORIENTED_EDGE ( 'NONE', *, *, #1553, .F. ) ;
#440 = FACE_BOUND ( 'NONE', #508, .T. ) ;
#441 = CIRCLE ( 'NONE', #1521, 2.000000000000001776 ) ;
#442 = AXIS2_PLACEMENT_3D ( 'NONE', #943, #2089, #2 ) ;
#443 = DIRECTION ( 'NONE',  ( -0.000000000000000000, 3.491481338843133355E-15, -1.000000000000000000 ) ) ;
#444 = DIRECTION ( 'NONE',  ( -1.000000000000000000, 0.000000000000000000, 0.000000000000000000 ) ) ;
#445 = LINE ( 'NONE', #2032, #325 ) ;
#446 = EDGE_LOOP ( 'NONE', ( #1661, #1517, #601, #1339, #190, #1277, #1917 ) ) ;
#447 = EDGE_LOOP ( 'NONE', ( #308, #1721, #1158, #1451 ) ) ;
#448 = CYLINDRICAL_SURFACE ( 'NONE', #1143, 2.500000000000067502 ) ;
#449 = ORIENTED_EDGE ( 'NONE', *, *, #1002, .T. ) ;
#450 = CARTESIAN_POINT ( 'NONE',  ( 46.54700538379251640, 15.00000000000000888, 4.999999999999990230 ) ) ;
#451 = DIRECTION ( 'NONE',  ( 1.000000000000000000, 0.000000000000000000, 0.000000000000000000 ) ) ;
#452 = CARTESIAN_POINT ( 'NONE',  ( 26.50555349946514028, 15.00000000000001243, 4.000000000000023093 ) ) ;
#453 = EDGE_CURVE ( 'NONE', #138, #1242, #1394, .T. ) ;
#454 = AXIS2_PLACEMENT_3D ( 'NONE', #1024, #1522, #1176 ) ;
#455 = CARTESIAN_POINT ( 'NONE',  ( 80.77350269189625465, -4.999999999999992006, 4.999999999999955591 ) ) ;
#456 = ORIENTED_EDGE ( 'NONE', *, *, #1910, .F. ) ;
#457 = VECTOR ( 'NONE', #746, 1000.000000000000000 ) ;
#458 = EDGE_LOOP ( 'NONE', ( #120, #1377, #287, #1249 ) ) ;
#459 = VECTOR ( 'NONE', #657, 1000.000000000000000 ) ;
#460 = EDGE_CURVE ( 'NONE', #1743, #177, #753, .T. ) ;
#461 = EDGE_LOOP ( 'NONE', ( #1542, #2094, #1181, #1331, #1996, #1885, #1709 ) ) ;
#462 = DIRECTION ( 'NONE',  ( 1.000000000000000000, 0.000000000000000000, 0.000000000000000000 ) ) ;
#463 = ORIENTED_EDGE ( 'NONE', *, *, #382, .F. ) ;
#464 = CARTESIAN_POINT ( 'NONE',  ( 94.77350269189624044, -5.000000000000026645, 14.99999999999995737 ) ) ;
#465 = CARTESIAN_POINT ( 'NONE',  ( 109.9999999999998863, 5.000000000000051514, -7.471067811865678365 ) ) ;
#466 = AXIS2_PLACEMENT_3D ( 'NONE', #1207, #1524, #1991 ) ;
#467 = DIRECTION ( 'NONE',  ( 1.000000000000000000, 0.000000000000000000, 0.000000000000000000 ) ) ;
#468 = APPLICATION_CONTEXT ( 'configuration controlled 3d designs of mechanical parts and assemblies' ) ;
#469 = ORIENTED_EDGE ( 'NONE', *, *, #649, .F. ) ;
#470 = ORIENTED_EDGE ( 'NONE', *, *, #453, .F. ) ;
#471 = DIRECTION ( 'NONE',  ( 0.000000000000000000, -1.000000000000000000, -3.491481338843133355E-15 ) ) ;
#472 = AXIS2_PLACEMENT_3D ( 'NONE', #1323, #1141, #1455 ) ;
#473 = VECTOR ( 'NONE', #1047, 1000.000000000000000 ) ;
#474 = VERTEX_POINT ( 'NONE', #666 ) ;
#475 = DIRECTION ( 'NONE',  ( 1.000000000000000000, 0.000000000000000000, 0.000000000000000000 ) ) ;
#476 = EDGE_CURVE ( 'NONE', #903, #1587, #1313, .T. ) ;
#477 = VERTEX_POINT ( 'NONE', #322 ) ;
#478 = CARTESIAN_POINT ( 'NONE',  ( 89.00000000000000000, -4.999999999999992006, 4.999999999999954703 ) ) ;
#479 = CIRCLE ( 'NONE', #1079, 1.999999999999998224 ) ;
#480 = LINE ( 'NONE', #155, #459 ) ;
#481 = VERTEX_POINT ( 'NONE', #1116 ) ;
#482 = DIRECTION ( 'NONE',  ( 1.000000000000000000, 0.000000000000000000, 0.000000000000000000 ) ) ;
#483 = VERTEX_POINT ( 'NONE', #1123 ) ;
#484 = ORIENTED_EDGE ( 'NONE', *, *, #603, .T. ) ;
#485 = CARTESIAN_POINT ( 'NONE',  ( 5.000000000000000888, 15.00000000000000888, 5.000000000000024869 ) ) ;
#486 = DIRECTION ( 'NONE',  ( 0.000000000000000000, -3.491481338843133750E-15, 1.000000000000000000 ) ) ;
#487 = CARTESIAN_POINT ( 'NONE',  ( 16.54700538379251995, -4.999999999999992006, 4.999999999999954703 ) ) ;
#488 = DIRECTION ( 'NONE',  ( 0.000000000000000000, -1.000000000000000000, -3.491481338843133355E-15 ) ) ;
#489 = ORIENTED_EDGE ( 'NONE', *, *, #1761, .T. ) ;
#490 = EDGE_CURVE ( 'NONE', #1804, #1402, #1211, .T. ) ;
#491 = VECTOR ( 'NONE', #9, 1000.000000000000227 ) ;
#492 = CARTESIAN_POINT ( 'NONE',  ( 58.54700538379251640, 14.99999999999996625, 17.00000000000002842 ) ) ;
#493 = EDGE_CURVE ( 'NONE', #314, #1082, #2092, .T. ) ;
#494 = ADVANCED_FACE ( 'NONE', ( #1479 ), #154, .T. ) ;
#495 = ORIENTED_EDGE ( 'NONE', *, *, #1904, .F. ) ;
#496 = VECTOR ( 'NONE', #2079, 1000.000000000000000 ) ;
#497 = ORIENTED_EDGE ( 'NONE', *, *, #739, .T. ) ;
#498 = CARTESIAN_POINT ( 'NONE',  ( 65.04145188432737257, 14.99999999999996980, 16.00000000000002842 ) ) ;
#499 = PLANE ( 'NONE',  #472 ) ;
#500 = DIRECTION ( 'NONE',  ( 1.000000000000000000, 0.000000000000000000, 0.000000000000000000 ) ) ;
#501 = FACE_OUTER_BOUND ( 'NONE', #1308, .T. ) ;
#502 = ORIENTED_EDGE ( 'NONE', *, *, #2027, .F. ) ;
#503 = CIRCLE ( 'NONE', #1101, 2.000000000000001776 ) ;
#504 = CARTESIAN_POINT ( 'NONE',  ( 120.0000000000000000, 15.00000000000002487, 2.602085213965210642E-14 ) ) ;
#505 = ORIENTED_EDGE ( 'NONE', *, *, #1203, .T. ) ;
#506 = PRODUCT_DEFINITION_FORMATION_WITH_SPECIFIED_SOURCE ( 'ANY', '', #1939, .NOT_KNOWN. ) ;
#507 = AXIS2_PLACEMENT_3D ( 'NONE', #45, #2003, #680 ) ;
#508 = EDGE_LOOP ( 'NONE', ( #1772, #513, #1058, #1561, #1593, #956, #617 ) ) ;
#509 = DIRECTION ( 'NONE',  ( 0.000000000000000000, -1.000000000000000000, -3.491481338843133355E-15 ) ) ;
#510 = CARTESIAN_POINT ( 'NONE',  ( 18.27905619136139492, 15.00000000000000533, 6.000000000000023981 ) ) ;
#511 = LINE ( 'NONE', #1291, #242 ) ;
#512 = FACE_OUTER_BOUND ( 'NONE', #1623, .T. ) ;
#513 = ORIENTED_EDGE ( 'NONE', *, *, #1061, .F. ) ;
#514 = AXIS2_PLACEMENT_3D ( 'NONE', #1755, #312, #957 ) ;
#515 = DIRECTION ( 'NONE',  ( 0.000000000000000000, -1.000000000000000000, -3.491481338843133355E-15 ) ) ;
#516 = AXIS2_PLACEMENT_3D ( 'NONE', #955, #1608, #799 ) ;
#517 = ORIENTED_EDGE ( 'NONE', *, *, #1038, .F. ) ;
#518 = ADVANCED_FACE ( 'NONE', ( #1282 ), #344, .F. ) ;
#519 = ORIENTED_EDGE ( 'NONE', *, *, #588, .T. ) ;
#520 = ORIENTED_EDGE ( 'NONE', *, *, #1910, .T. ) ;
#521 = CARTESIAN_POINT ( 'NONE',  ( 58.54700538379251640, -5.000000000000033751, 16.99999999999996092 ) ) ;
#522 = DIRECTION ( 'NONE',  ( 0.5000000000000000000, -3.023711536277456995E-15, 0.8660254037844385966 ) ) ;
#523 = EDGE_CURVE ( 'NONE', #1485, #1748, #511, .T. ) ;
#524 = CARTESIAN_POINT ( 'NONE',  ( 16.54700538379251995, -4.999999999999985789, 2.999999999999955591 ) ) ;
#525 = DIRECTION ( 'NONE',  ( -0.4999999999999997224, 3.023711536277457389E-15, -0.8660254037844387076 ) ) ;
#526 = CARTESIAN_POINT ( 'NONE',  ( 33.00000000000000000, -4.999999999999985789, 2.999999999999955591 ) ) ;
#527 = EDGE_CURVE ( 'NONE', #481, #1476, #1745, .T. ) ;
#528 = CARTESIAN_POINT ( 'NONE',  ( 109.9999999999998863, 7.500000000000022204, 20.19999999999999929 ) ) ;
#529 = ORIENTED_EDGE ( 'NONE', *, *, #588, .F. ) ;
#530 = ORIENTED_EDGE ( 'NONE', *, *, #1602, .T. ) ;
#531 = CIRCLE ( 'NONE', #826, 2.000000000000001776 ) ;
#532 = ORIENTED_EDGE ( 'NONE', *, *, #493, .F. ) ;
#533 = LINE ( 'NONE', #1488, #1629 ) ;
#534 = DIRECTION ( 'NONE',  ( 0.000000000000000000, -1.000000000000000000, -3.491481338843133355E-15 ) ) ;
#535 = CARTESIAN_POINT ( 'NONE',  ( 102.2790561913613772, 15.00000000000000533, 6.000000000000023981 ) ) ;
#536 = FACE_OUTER_BOUND ( 'NONE', #1865, .T. ) ;
#537 = LINE ( 'NONE', #405, #227 ) ;
#538 = CARTESIAN_POINT ( 'NONE',  ( 46.27905619136139137, 15.00000000000000533, 6.000000000000023981 ) ) ;
#539 = VECTOR ( 'NONE', #407, 1000.000000000000114 ) ;
#540 = EDGE_LOOP ( 'NONE', ( #828, #1984, #2034, #1817 ) ) ;
#541 = APPROVAL ( #1696, 'UNSPECIFIED' ) ;
#542 = ORIENTED_EDGE ( 'NONE', *, *, #1893, .T. ) ;
#543 = LINE ( 'NONE', #25, #147 ) ;
#544 = PERSON ( 'UNSPECIFIED', 'UNSPECIFIED', 'UNSPECIFIED', ('UNSPECIFIED'), ('UNSPECIFIED'), ('UNSPECIFIED') ) ;
#545 = CIRCLE ( 'NONE', #267, 2.000000000000001776 ) ;
#546 = CARTESIAN_POINT ( 'NONE',  ( 0.000000000000000000, 15.00000000000002487, 2.602085213965210642E-14 ) ) ;
#547 = EDGE_CURVE ( 'NONE', #1402, #991, #946, .T. ) ;
#548 = DIRECTION ( 'NONE',  ( -1.000000000000000000, 0.000000000000000000, 0.000000000000000000 ) ) ;
#549 = DIRECTION ( 'NONE',  ( 1.000000000000000000, 0.000000000000000000, 0.000000000000000000 ) ) ;
#550 = DIRECTION ( 'NONE',  ( 0.5000000000000002220, -3.023711536277456600E-15, 0.8660254037844384856 ) ) ;
#551 = ADVANCED_FACE ( 'NONE', ( #29 ), #988, .F. ) ;
#552 = DIRECTION ( 'NONE',  ( 0.000000000000000000, -1.000000000000000000, -3.491481338843133355E-15 ) ) ;
#553 = VERTEX_POINT ( 'NONE', #143 ) ;
#554 = CIRCLE ( 'NONE', #1315, 2.000000000000001776 ) ;
#555 = ORIENTED_EDGE ( 'NONE', *, *, #22, .F. ) ;
#556 = EDGE_CURVE ( 'NONE', #277, #972, #479, .T. ) ;
#557 = DIRECTION ( 'NONE',  ( 0.000000000000000000, 1.000000000000000000, 4.163336342344224219E-15 ) ) ;
#558 = DIRECTION ( 'NONE',  ( 1.000000000000000000, 0.000000000000000000, 0.000000000000000000 ) ) ;
#559 = FACE_OUTER_BOUND ( 'NONE', #585, .T. ) ;
#560 = DIRECTION ( 'NONE',  ( 0.000000000000000000, -1.000000000000000000, -3.491481338843133355E-15 ) ) ;
#561 = FACE_OUTER_BOUND ( 'NONE', #1973, .T. ) ;
#562 = DIRECTION ( 'NONE',  ( 0.8660254037844385966, 1.745740669421567664E-15, -0.5000000000000003331 ) ) ;
#563 = DATE_AND_TIME ( #2033, #367 ) ;
#564 = ADVANCED_FACE ( 'NONE', ( #1431 ), #1456, .F. ) ;
#565 = CARTESIAN_POINT ( 'NONE',  ( 59.26794919243111792, 15.00000000000000533, 6.000000000000023981 ) ) ;
#566 = ORIENTED_EDGE ( 'NONE', *, *, #1432, .T. ) ;
#567 = ORIENTED_EDGE ( 'NONE', *, *, #715, .F. ) ;
#568 = CIRCLE ( 'NONE', #1505, 1.999999999999998224 ) ;
#569 = LINE ( 'NONE', #41, #613 ) ;
#570 = VECTOR ( 'NONE', #906, 1000.000000000000000 ) ;
#571 = EDGE_CURVE ( 'NONE', #1743, #10, #967, .T. ) ;
#572 = CARTESIAN_POINT ( 'NONE',  ( 18.54700538379251640, 15.00000000000000888, 5.000000000000024869 ) ) ;
#573 = DIRECTION ( 'NONE',  ( 0.000000000000000000, -1.000000000000000000, -3.491481338843133355E-15 ) ) ;
#574 = CALENDAR_DATE ( 2026, 4, 8 ) ;
#575 = CIRCLE ( 'NONE', #1598, 2.000000000000001776 ) ;
#576 = LINE ( 'NONE', #565, #1764 ) ;
#577 = ORIENTED_EDGE ( 'NONE', *, *, #1888, .T. ) ;
#578 = EDGE_CURVE ( 'NONE', #1972, #884, #184, .T. ) ;
#579 = ORIENTED_EDGE ( 'NONE', *, *, #229, .T. ) ;
#580 = FACE_OUTER_BOUND ( 'NONE', #2050, .T. ) ;
#581 = LINE ( 'NONE', #1532, #14 ) ;
#582 = DIRECTION ( 'NONE',  ( -0.5000000000000002220, 3.023711536277456600E-15, -0.8660254037844384856 ) ) ;
#583 = DATE_AND_TIME ( #757, #1920 ) ;
#584 = DIRECTION ( 'NONE',  ( 0.000000000000000000, -1.000000000000000000, -3.491481338843133355E-15 ) ) ;
#585 = EDGE_LOOP ( 'NONE', ( #940, #463, #758, #824 ) ) ;
#586 = ORIENTED_EDGE ( 'NONE', *, *, #1042, .F. ) ;
#587 = VECTOR ( 'NONE', #1269, 1000.000000000000000 ) ;
#588 = EDGE_CURVE ( 'NONE', #269, #1858, #272, .T. ) ;
#589 = DIRECTION ( 'NONE',  ( 0.000000000000000000, -1.000000000000000000, -3.469446951953520709E-15 ) ) ;
#590 = EDGE_CURVE ( 'NONE', #192, #2024, #441, .T. ) ;
#591 = DIRECTION ( 'NONE',  ( -0.4999999999999997224, 3.023711536277457389E-15, -0.8660254037844387076 ) ) ;
#592 = DIRECTION ( 'NONE',  ( 0.000000000000000000, -1.000000000000000000, -3.491481338843133355E-15 ) ) ;
#593 = EDGE_LOOP ( 'NONE', ( #156, #438, #567, #838 ) ) ;
#594 = ORIENTED_EDGE ( 'NONE', *, *, #918, .T. ) ;
#595 = VECTOR ( 'NONE', #1182, 1000.000000000000000 ) ;
#596 = DIRECTION ( 'NONE',  ( 0.000000000000000000, -1.000000000000000000, -3.491481338843133355E-15 ) ) ;
#597 = DIRECTION ( 'NONE',  ( 0.000000000000000000, -1.000000000000000000, -3.491481338843133355E-15 ) ) ;
#598 = AXIS2_PLACEMENT_3D ( 'NONE', #1027, #239, #1670 ) ;
#599 = CARTESIAN_POINT ( 'NONE',  ( 68.50555349946513672, 14.99999999999996980, 16.00000000000002132 ) ) ;
#600 = ORIENTED_EDGE ( 'NONE', *, *, #1078, .F. ) ;
#601 = ORIENTED_EDGE ( 'NONE', *, *, #19, .F. ) ;
#602 = CC_DESIGN_PERSON_AND_ORGANIZATION_ASSIGNMENT ( #1525, #2023, ( #1854 ) ) ;
#603 = EDGE_CURVE ( 'NONE', #1840, #1552, #37, .T. ) ;
#604 = AXIS2_PLACEMENT_3D ( 'NONE', #688, #381, #1185 ) ;
#605 = DIRECTION ( 'NONE',  ( 0.000000000000000000, -3.491481338843133355E-15, 1.000000000000000000 ) ) ;
#606 = DIRECTION ( 'NONE',  ( 0.000000000000000000, 1.000000000000000000, 4.163336342344224219E-15 ) ) ;
#607 = CARTESIAN_POINT ( 'NONE',  ( 17.26794919243112858, 14.99999999999997691, 14.00000000000002842 ) ) ;
#608 = ADVANCED_FACE ( 'NONE', ( #708, #230, #1153, #1519, #1324, #1977, #72, #402 ), #1835, .T. ) ;
#609 = EDGE_LOOP ( 'NONE', ( #766, #1742, #149, #1118 ) ) ;
#610 = ORIENTED_EDGE ( 'NONE', *, *, #1851, .F. ) ;
#611 = ORIENTED_EDGE ( 'NONE', *, *, #722, .T. ) ;
#612 = FACE_OUTER_BOUND ( 'NONE', #1374, .T. ) ;
#613 = VECTOR ( 'NONE', #686, 1000.000000000000000 ) ;
#614 = CARTESIAN_POINT ( 'NONE',  ( 32.27905619136139848, -5.000000000000023093, 13.99999999999995914 ) ) ;
#615 = FACE_OUTER_BOUND ( 'NONE', #1793, .T. ) ;
#616 = DIRECTION ( 'NONE',  ( 0.000000000000000000, -1.000000000000000000, -3.491481338843133355E-15 ) ) ;
#617 = ORIENTED_EDGE ( 'NONE', *, *, #1827, .F. ) ;
#618 = ORIENTED_EDGE ( 'NONE', *, *, #1013, .T. ) ;
#619 = ORIENTED_EDGE ( 'NONE', *, *, #924, .T. ) ;
#620 = DIRECTION ( 'NONE',  ( 0.000000000000000000, -1.000000000000000000, -3.491481338843133355E-15 ) ) ;
#621 = CARTESIAN_POINT ( 'NONE',  ( 54.50555349946513672, -4.999999999999988454, 3.999999999999953371 ) ) ;
#622 = DIRECTION ( 'NONE',  ( 0.000000000000000000, -1.000000000000000000, -3.469446951953520709E-15 ) ) ;
#623 = AXIS2_PLACEMENT_3D ( 'NONE', #304, #814, #782 ) ;
#624 = DIRECTION ( 'NONE',  ( 0.000000000000000000, -1.000000000000000000, -3.491481338843133355E-15 ) ) ;
#625 = DESIGN_CONTEXT ( 'detailed design', #468, 'design' ) ;
#626 = VERTEX_POINT ( 'NONE', #524 ) ;
#627 = CYLINDRICAL_SURFACE ( 'NONE', #285, 2.000000000000001776 ) ;
#628 = ADVANCED_FACE ( 'NONE', ( #1356 ), #208, .F. ) ;
#629 = VECTOR ( 'NONE', #313, 1000.000000000000000 ) ;
#630 = ORIENTED_EDGE ( 'NONE', *, *, #1688, .F. ) ;
#631 = LINE ( 'NONE', #13, #71 ) ;
#632 = ORIENTED_EDGE ( 'NONE', *, *, #953, .T. ) ;
#633 = LINE ( 'NONE', #1754, #1669 ) ;
#634 = DIRECTION ( 'NONE',  ( -1.000000000000000000, 0.000000000000000000, 0.000000000000000000 ) ) ;
#635 = DIRECTION ( 'NONE',  ( 1.000000000000000000, 0.000000000000000000, 0.000000000000000000 ) ) ;
#636 = VERTEX_POINT ( 'NONE', #1043 ) ;
#637 = ORIENTED_EDGE ( 'NONE', *, *, #382, .T. ) ;
#638 = DIRECTION ( 'NONE',  ( -1.000000000000000000, 0.000000000000000000, 0.000000000000000000 ) ) ;
#639 = VECTOR ( 'NONE', #1152, 1000.000000000000000 ) ;
#640 = EDGE_LOOP ( 'NONE', ( #1009, #1259, #364, #618 ) ) ;
#641 = EDGE_CURVE ( 'NONE', #1150, #341, #719, .T. ) ;
#642 = VERTEX_POINT ( 'NONE', #1531 ) ;
#643 = CARTESIAN_POINT ( 'NONE',  ( 75.00000000000000000, -5.000000000000026645, 14.99999999999995737 ) ) ;
#644 = DIRECTION ( 'NONE',  ( 0.000000000000000000, -1.000000000000000000, -3.491481338843133355E-15 ) ) ;
#645 = AXIS2_PLACEMENT_3D ( 'NONE', #1333, #1399, #1214 ) ;
#646 = EDGE_CURVE ( 'NONE', #2024, #2004, #1490, .T. ) ;
#647 = LINE ( 'NONE', #1108, #89 ) ;
#648 = ORIENTED_EDGE ( 'NONE', *, *, #1634, .T. ) ;
#649 = EDGE_CURVE ( 'NONE', #2065, #1104, #569, .T. ) ;
#650 = CARTESIAN_POINT ( 'NONE',  ( 59.26794919243111792, -4.999999999999995559, 5.999999999999953815 ) ) ;
#651 = VERTEX_POINT ( 'NONE', #535 ) ;
#652 = ORIENTED_EDGE ( 'NONE', *, *, #289, .T. ) ;
#653 = CARTESIAN_POINT ( 'NONE',  ( 18.99999999999999645, 14.99999999999996625, 17.00000000000002842 ) ) ;
#654 = CARTESIAN_POINT ( 'NONE',  ( 0.000000000000000000, -4.999999999999975131, -4.380877463721056069E-14 ) ) ;
#655 = CARTESIAN_POINT ( 'NONE',  ( 45.26794919243112503, -5.000000000000023093, 13.99999999999995914 ) ) ;
#656 = EDGE_CURVE ( 'NONE', #1286, #1202, #1782, .T. ) ;
#657 = DIRECTION ( 'NONE',  ( -0.000000000000000000, 3.491481338843133355E-15, -1.000000000000000000 ) ) ;
#658 = ORIENTED_EDGE ( 'NONE', *, *, #2019, .T. ) ;
#659 = LINE ( 'NONE', #1436, #761 ) ;
#660 = ORIENTED_EDGE ( 'NONE', *, *, #527, .F. ) ;
#661 = CIRCLE ( 'NONE', #182, 2.000000000000001776 ) ;
#662 = APPROVAL ( #1707, 'UNSPECIFIED' ) ;
#663 = ORIENTED_EDGE ( 'NONE', *, *, #490, .T. ) ;
#664 = DIRECTION ( 'NONE',  ( 0.000000000000000000, -1.000000000000000000, -3.491481338843133355E-15 ) ) ;
#665 = DIRECTION ( 'NONE',  ( 0.000000000000000000, -1.000000000000000000, -3.491481338843133355E-15 ) ) ;
#666 = CARTESIAN_POINT ( 'NONE',  ( 17.26794919243113213, -5.000000000000023093, 13.99999999999995914 ) ) ;
#667 = ADVANCED_FACE ( 'NONE', ( #1032 ), #1195, .T. ) ;
#668 = DIRECTION ( 'NONE',  ( 0.000000000000000000, -1.000000000000000000, -3.491481338843133355E-15 ) ) ;
#669 = ORIENTED_EDGE ( 'NONE', *, *, #347, .T. ) ;
#670 = FACE_OUTER_BOUND ( 'NONE', #1440, .T. ) ;
#671 = ORIENTED_EDGE ( 'NONE', *, *, #1480, .F. ) ;
#672 = LOCAL_TIME ( 10, 53, 29.00000000000000000, #247 ) ;
#673 = ORIENTED_EDGE ( 'NONE', *, *, #1830, .F. ) ;
#674 = CARTESIAN_POINT ( 'NONE',  ( 51.04145188432737967, 15.00000000000001243, 4.000000000000025757 ) ) ;
#675 = LINE ( 'NONE', #207, #404 ) ;
#676 = CARTESIAN_POINT ( 'NONE',  ( 45.26794919243112503, 14.99999999999997691, 14.00000000000002842 ) ) ;
#677 = CARTESIAN_POINT ( 'NONE',  ( 33.00000000000000000, 15.00000000000001421, 3.000000000000025313 ) ) ;
#678 = CARTESIAN_POINT ( 'NONE',  ( 0.000000000000000000, -4.999999999999975131, -4.380877463721056069E-14 ) ) ;
#679 = AXIS2_PLACEMENT_3D ( 'NONE', #1657, #875, #1846 ) ;
#680 = DIRECTION ( 'NONE',  ( -1.000000000000000000, 0.000000000000000000, 0.000000000000000000 ) ) ;
#681 = VECTOR ( 'NONE', #596, 1000.000000000000000 ) ;
#682 = ORIENTED_EDGE ( 'NONE', *, *, #1760, .T. ) ;
#683 = EDGE_LOOP ( 'NONE', ( #853, #890, #1276, #1138 ) ) ;
#684 = DIRECTION ( 'NONE',  ( 1.000000000000000000, 0.000000000000000000, 0.000000000000000000 ) ) ;
#685 = FACE_OUTER_BOUND ( 'NONE', #2064, .T. ) ;
#686 = DIRECTION ( 'NONE',  ( 0.000000000000000000, -1.000000000000000000, -3.491481338843133355E-15 ) ) ;
#687 = CARTESIAN_POINT ( 'NONE',  ( 65.04145188432737257, 14.99999999999996980, 16.00000000000002842 ) ) ;
#688 = CARTESIAN_POINT ( 'NONE',  ( 66.77350269189624044, 14.99999999999997335, 15.00000000000002665 ) ) ;
#689 = CC_DESIGN_DATE_AND_TIME_ASSIGNMENT ( #583, #1871, ( #1854 ) ) ;
#690 = DIRECTION ( 'NONE',  ( 0.000000000000000000, 1.000000000000000000, 3.491481338843133355E-15 ) ) ;
#691 = CARTESIAN_POINT ( 'NONE',  ( 26.50555349946514028, 15.00000000000001243, 4.000000000000023093 ) ) ;
#692 = ORIENTED_EDGE ( 'NONE', *, *, #1894, .T. ) ;
#693 = VECTOR ( 'NONE', #560, 1000.000000000000000 ) ;
#694 = ORIENTED_EDGE ( 'NONE', *, *, #1630, .F. ) ;
#695 = CARTESIAN_POINT ( 'NONE',  ( 109.9999999999998863, 4.999999999999955591, 19.99999999999998934 ) ) ;
#696 = DIRECTION ( 'NONE',  ( 1.000000000000000000, 0.000000000000000000, 0.000000000000000000 ) ) ;
#697 = PLANE ( 'NONE',  #645 ) ;
#698 = ADVANCED_FACE ( 'NONE', ( #217 ), #1683, .F. ) ;
#699 = CARTESIAN_POINT ( 'NONE',  ( 109.9999999999998863, 7.500000000000093259, -0.1999999999999998168 ) ) ;
#700 = CARTESIAN_POINT ( 'NONE',  ( 16.54700538379251995, -4.999999999999992006, 4.999999999999954703 ) ) ;
#701 = CARTESIAN_POINT ( 'NONE',  ( 0.000000000000000000, -4.999999999999975131, -4.380877463721056069E-14 ) ) ;
#702 = CIRCLE ( 'NONE', #432, 1.999999999999999112 ) ;
#703 = EDGE_CURVE ( 'NONE', #1448, #146, #368, .T. ) ;
#704 = VERTEX_POINT ( 'NONE', #1344 ) ;
#705 = ORIENTED_EDGE ( 'NONE', *, *, #1228, .T. ) ;
#706 = CARTESIAN_POINT ( 'NONE',  ( 0.000000000000000000, 14.99999999999995559, 20.00000000000002487 ) ) ;
#707 = CARTESIAN_POINT ( 'NONE',  ( 0.000000000000000000, 0.000000000000000000, 0.000000000000000000 ) ) ;
#708 = FACE_BOUND ( 'NONE', #842, .T. ) ;
#709 = ADVANCED_FACE ( 'NONE', ( #559 ), #1012, .F. ) ;
#710 = CARTESIAN_POINT ( 'NONE',  ( 109.9999999999998863, 7.500000000000023981, 20.00000000000000000 ) ) ;
#711 = DIRECTION ( 'NONE',  ( 0.5000000000000002220, -3.023711536277456600E-15, 0.8660254037844384856 ) ) ;
#712 = PLANE ( 'NONE',  #1231 ) ;
#713 = CARTESIAN_POINT ( 'NONE',  ( 37.04145188432737967, 14.99999999999996980, 16.00000000000002842 ) ) ;
#714 = VERTEX_POINT ( 'NONE', #732 ) ;
#715 = EDGE_CURVE ( 'NONE', #1039, #1743, #856, .T. ) ;
#716 = AXIS2_PLACEMENT_3D ( 'NONE', #485, #152, #964 ) ;
#717 = ORIENTED_EDGE ( 'NONE', *, *, #703, .T. ) ;
#718 = CARTESIAN_POINT ( 'NONE',  ( 16.54700538379251995, 15.00000000000001421, 3.000000000000025313 ) ) ;
#719 = LINE ( 'NONE', #1967, #70 ) ;
#720 = DIRECTION ( 'NONE',  ( 0.000000000000000000, 3.491481338843133355E-15, -1.000000000000000000 ) ) ;
#721 = LINE ( 'NONE', #197, #1070 ) ;
#722 = EDGE_CURVE ( 'NONE', #1052, #201, #355, .T. ) ;
#723 = PERSON_AND_ORGANIZATION ( #544, #1304 ) ;
#724 = ADVANCED_FACE ( 'NONE', ( #847 ), #697, .F. ) ;
#725 = LINE ( 'NONE', #538, #1135 ) ;
#726 = ORIENTED_EDGE ( 'NONE', *, *, #460, .F. ) ;
#727 = CIRCLE ( 'NONE', #1059, 1.999999999999994893 ) ;
#728 = ORIENTED_EDGE ( 'NONE', *, *, #122, .F. ) ;
#729 = AXIS2_PLACEMENT_3D ( 'NONE', #2061, #1248, #1549 ) ;
#730 = EDGE_CURVE ( 'NONE', #1780, #410, #768, .T. ) ;
#731 = EDGE_CURVE ( 'NONE', #1884, #963, #1562, .T. ) ;
#732 = CARTESIAN_POINT ( 'NONE',  ( 87.26794919243110371, 15.00000000000000533, 6.000000000000021316 ) ) ;
#733 = CIRCLE ( 'NONE', #1905, 2.000000000000001776 ) ;
#734 = LINE ( 'NONE', #1704, #1567 ) ;
#735 = CARTESIAN_POINT ( 'NONE',  ( 93.04145188432737257, 14.99999999999996980, 16.00000000000002842 ) ) ;
#736 = LINE ( 'NONE', #66, #741 ) ;
#737 = AXIS2_PLACEMENT_3D ( 'NONE', #115, #434, #762 ) ;
#738 = ORIENTED_EDGE ( 'NONE', *, *, #774, .T. ) ;
#739 = EDGE_CURVE ( 'NONE', #1606, #1286, #2029, .T. ) ;
#740 = ORIENTED_EDGE ( 'NONE', *, *, #1470, .F. ) ;
#741 = VECTOR ( 'NONE', #1371, 1000.000000000000000 ) ;
#742 = ADVANCED_FACE ( 'NONE', ( #580 ), #1711, .F. ) ;
#743 = ORIENTED_EDGE ( 'NONE', *, *, #1408, .T. ) ;
#744 =( LENGTH_UNIT ( ) NAMED_UNIT ( * ) SI_UNIT ( .MILLI., .METRE. ) );
#745 = CARTESIAN_POINT ( 'NONE',  ( 109.9999999999998863, 7.500000000000119016, -7.471067811865669483 ) ) ;
#746 = DIRECTION ( 'NONE',  ( -0.000000000000000000, 3.491481338843133355E-15, -1.000000000000000000 ) ) ;
#747 = AXIS2_PLACEMENT_3D ( 'NONE', #1976, #1609, #977 ) ;
#748 = LINE ( 'NONE', #1385, #900 ) ;
#749 = PERSON_AND_ORGANIZATION ( #544, #1304 ) ;
#750 = LINE ( 'NONE', #823, #85 ) ;
#751 = ORIENTED_EDGE ( 'NONE', *, *, #1392, .T. ) ;
#752 = ORIENTED_EDGE ( 'NONE', *, *, #328, .F. ) ;
#753 = CIRCLE ( 'NONE', #1960, 2.000000000000001776 ) ;
#754 = CARTESIAN_POINT ( 'NONE',  ( 60.54700538379251640, -5.000000000000026645, 14.99999999999999289 ) ) ;
#755 = CARTESIAN_POINT ( 'NONE',  ( 5.000000000000000888, 15.00000000000001421, 3.000000000000025313 ) ) ;
#756 = DIRECTION ( 'NONE',  ( -0.4999999999999997224, -3.023711536277457389E-15, 0.8660254037844387076 ) ) ;
#757 = CALENDAR_DATE ( 2026, 4, 8 ) ;
#758 = ORIENTED_EDGE ( 'NONE', *, *, #1438, .F. ) ;
#759 = ORIENTED_EDGE ( 'NONE', *, *, #523, .F. ) ;
#760 = PLANE ( 'NONE',  #243 ) ;
#761 = VECTOR ( 'NONE', #1749, 1000.000000000000114 ) ;
#762 = DIRECTION ( 'NONE',  ( 1.000000000000000000, 0.000000000000000000, 0.000000000000000000 ) ) ;
#763 = CARTESIAN_POINT ( 'NONE',  ( 86.54700538379250929, -5.000000000000033751, 16.99999999999996092 ) ) ;
#764 = EDGE_LOOP ( 'NONE', ( #279, #497, #1729, #1355 ) ) ;
#765 = ORIENTED_EDGE ( 'NONE', *, *, #1042, .T. ) ;
#766 = ORIENTED_EDGE ( 'NONE', *, *, #1827, .T. ) ;
#767 = VECTOR ( 'NONE', #1714, 1000.000000000000000 ) ;
#768 = LINE ( 'NONE', #1072, #1822 ) ;
#769 = CARTESIAN_POINT ( 'NONE',  ( 74.27905619136137716, -4.999999999999995559, 5.999999999999953815 ) ) ;
#770 = CARTESIAN_POINT ( 'NONE',  ( 109.9999999999998863, 2.499999999999888090, 19.99999999999997868 ) ) ;
#771 = ADVANCED_FACE ( 'NONE', ( #923 ), #291, .T. ) ;
#772 = AXIS2_PLACEMENT_3D ( 'NONE', #707, #1343, #558 ) ;
#773 = ORIENTED_EDGE ( 'NONE', *, *, #547, .T. ) ;
#774 = EDGE_CURVE ( 'NONE', #1240, #972, #1243, .T. ) ;
#775 = ORIENTED_EDGE ( 'NONE', *, *, #1170, .F. ) ;
#776 = CYLINDRICAL_SURFACE ( 'NONE', #716, 1.999999999999999112 ) ;
#777 = VECTOR ( 'NONE', #885, 1000.000000000000000 ) ;
#778 = VECTOR ( 'NONE', #2068, 1000.000000000000114 ) ;
#779 = ORIENTED_EDGE ( 'NONE', *, *, #1992, .F. ) ;
#780 = DIRECTION ( 'NONE',  ( 0.000000000000000000, -1.000000000000000000, -3.491481338843133355E-15 ) ) ;
#781 = DIRECTION ( 'NONE',  ( -0.000000000000000000, 1.000000000000000000, 3.491481338843133355E-15 ) ) ;
#782 = DIRECTION ( 'NONE',  ( 0.4999999999999993339, 3.023711536277458572E-15, -0.8660254037844390407 ) ) ;
#783 = ADVANCED_FACE ( 'NONE', ( #2036 ), #760, .F. ) ;
#784 = ORIENTED_EDGE ( 'NONE', *, *, #1470, .T. ) ;
#785 = ORIENTED_EDGE ( 'NONE', *, *, #1520, .T. ) ;
#786 = ORIENTED_EDGE ( 'NONE', *, *, #1812, .F. ) ;
#787 = CARTESIAN_POINT ( 'NONE',  ( 44.54700538379250929, -4.999999999999992006, 4.999999999999954703 ) ) ;
#788 = ORIENTED_EDGE ( 'NONE', *, *, #1842, .T. ) ;
#789 = LINE ( 'NONE', #1737, #1838 ) ;
#790 = DIRECTION ( 'NONE',  ( 1.000000000000000000, 0.000000000000000000, 0.000000000000000000 ) ) ;
#791 = AXIS2_PLACEMENT_3D ( 'NONE', #1968, #1003, #1033 ) ;
#792 = LINE ( 'NONE', #572, #892 ) ;
#793 = ORIENTED_EDGE ( 'NONE', *, *, #2095, .T. ) ;
#794 = ORIENTED_EDGE ( 'NONE', *, *, #1818, .F. ) ;
#795 = CARTESIAN_POINT ( 'NONE',  ( 26.50555349946514028, 15.00000000000001243, 4.000000000000023093 ) ) ;
#796 = ORIENTED_EDGE ( 'NONE', *, *, #1461, .F. ) ;
#797 = EDGE_CURVE ( 'NONE', #1341, #1858, #1722, .T. ) ;
#798 = EDGE_LOOP ( 'NONE', ( #46, #470, #1450, #1875 ) ) ;
#799 = DIRECTION ( 'NONE',  ( -1.000000000000000000, 0.000000000000000000, 0.000000000000000000 ) ) ;
#800 = EDGE_CURVE ( 'NONE', #1698, #1202, #1223, .T. ) ;
#801 = AXIS2_PLACEMENT_3D ( 'NONE', #220, #1335, #2001 ) ;
#802 = DIRECTION ( 'NONE',  ( 0.000000000000000000, -1.000000000000000000, -3.491481338843133355E-15 ) ) ;
#803 = DIRECTION ( 'NONE',  ( 0.000000000000000000, -1.000000000000000000, -3.491481338843133355E-15 ) ) ;
#804 = CARTESIAN_POINT ( 'NONE',  ( 109.9999999999998863, 5.000000000000024869, -0.2000000000000085598 ) ) ;
#805 = ORIENTED_EDGE ( 'NONE', *, *, #490, .F. ) ;
#806 = CARTESIAN_POINT ( 'NONE',  ( 5.000000000000000888, 15.00000000000001421, 3.000000000000025313 ) ) ;
#807 = ORIENTED_EDGE ( 'NONE', *, *, #101, .F. ) ;
#808 = ORIENTED_EDGE ( 'NONE', *, *, #331, .F. ) ;
#809 = LINE ( 'NONE', #498, #338 ) ;
#810 = AXIS2_PLACEMENT_3D ( 'NONE', #16, #1106, #163 ) ;
#811 = CARTESIAN_POINT ( 'NONE',  ( 30.54700538379251995, 14.99999999999997335, 15.00000000000002665 ) ) ;
#812 = DIRECTION ( 'NONE',  ( 1.000000000000000000, 0.000000000000000000, 0.000000000000000000 ) ) ;
#813 = VECTOR ( 'NONE', #1628, 1000.000000000000000 ) ;
#814 = DIRECTION ( 'NONE',  ( -0.8660254037844390407, 1.745740669421564114E-15, -0.4999999999999993339 ) ) ;
#815 = EDGE_LOOP ( 'NONE', ( #1232, #278, #1682, #984 ) ) ;
#816 = DIRECTION ( 'NONE',  ( 0.000000000000000000, -1.000000000000000000, -3.491481338843133355E-15 ) ) ;
#817 = ORIENTED_EDGE ( 'NONE', *, *, #22, .T. ) ;
#818 = ORIENTED_EDGE ( 'NONE', *, *, #231, .T. ) ;
#819 = DIRECTION ( 'NONE',  ( -1.000000000000000000, 0.000000000000000000, 0.000000000000000000 ) ) ;
#820 = CARTESIAN_POINT ( 'NONE',  ( 45.26794919243112503, -5.000000000000023093, 13.99999999999995914 ) ) ;
#821 = DIRECTION ( 'NONE',  ( 0.000000000000000000, -1.000000000000000000, -3.491481338843133355E-15 ) ) ;
#822 = EDGE_CURVE ( 'NONE', #1895, #1806, #1235, .T. ) ;
#823 = CARTESIAN_POINT ( 'NONE',  ( 102.5470053837925093, 15.00000000000000888, 5.000000000000024869 ) ) ;
#824 = ORIENTED_EDGE ( 'NONE', *, *, #328, .T. ) ;
#825 = CIRCLE ( 'NONE', #1363, 2.500000000000067502 ) ;
#826 = AXIS2_PLACEMENT_3D ( 'NONE', #1133, #1582, #1622 ) ;
#827 = CARTESIAN_POINT ( 'NONE',  ( 54.50555349946513672, 15.00000000000001243, 4.000000000000023093 ) ) ;
#828 = ORIENTED_EDGE ( 'NONE', *, *, #646, .T. ) ;
#829 = CIRCLE ( 'NONE', #2011, 2.500000000000067946 ) ;
#830 = ADVANCED_FACE ( 'NONE', ( #104 ), #448, .T. ) ;
#831 = ORIENTED_EDGE ( 'NONE', *, *, #649, .T. ) ;
#832 = CARTESIAN_POINT ( 'NONE',  ( 0.000000000000000000, 15.00000000000002487, 2.602085213965210642E-14 ) ) ;
#833 = VECTOR ( 'NONE', #209, 1000.000000000000000 ) ;
#834 = CYLINDRICAL_SURFACE ( 'NONE', #238, 2.000000000000001776 ) ;
#835 = CARTESIAN_POINT ( 'NONE',  ( 74.27905619136137716, 15.00000000000000533, 6.000000000000023981 ) ) ;
#836 = VECTOR ( 'NONE', #1226, 1000.000000000000000 ) ;
#837 = DIRECTION ( 'NONE',  ( -1.000000000000000000, 0.000000000000000000, 0.000000000000000000 ) ) ;
#838 = ORIENTED_EDGE ( 'NONE', *, *, #224, .T. ) ;
#839 = DIRECTION ( 'NONE',  ( 0.5000000000000000000, -3.023711536277456995E-15, 0.8660254037844385966 ) ) ;
#840 = ORIENTED_EDGE ( 'NONE', *, *, #1038, .T. ) ;
#841 = CC_DESIGN_APPROVAL ( #662, ( #1655 ) ) ;
#842 = EDGE_LOOP ( 'NONE', ( #1172, #682, #2087, #872, #1319, #79, #566 ) ) ;
#843 = EDGE_LOOP ( 'NONE', ( #786, #1028, #119, #2083, #1366, #1994, #223 ) ) ;
#844 = CARTESIAN_POINT ( 'NONE',  ( 93.04145188432737257, -5.000000000000030198, 15.99999999999995914 ) ) ;
#845 = CC_DESIGN_PERSON_AND_ORGANIZATION_ASSIGNMENT ( #108, #2040, ( #1939 ) ) ;
#846 = CARTESIAN_POINT ( 'NONE',  ( 82.50555349946513672, 15.00000000000001243, 4.000000000000023093 ) ) ;
#847 = FACE_OUTER_BOUND ( 'NONE', #929, .T. ) ;
#848 = DIRECTION ( 'NONE',  ( 0.000000000000000000, -1.000000000000000000, -3.491481338843133355E-15 ) ) ;
#849 = DIRECTION ( 'NONE',  ( 0.000000000000000000, -1.000000000000000000, -3.491481338843133355E-15 ) ) ;
#850 = FACE_OUTER_BOUND ( 'NONE', #1460, .T. ) ;
#851 = DIRECTION ( 'NONE',  ( 0.000000000000000000, -1.000000000000000000, -3.491481338843133355E-15 ) ) ;
#852 = ORIENTED_EDGE ( 'NONE', *, *, #136, .T. ) ;
#853 = ORIENTED_EDGE ( 'NONE', *, *, #2095, .F. ) ;
#854 = DIRECTION ( 'NONE',  ( 1.000000000000000000, 0.000000000000000000, 0.000000000000000000 ) ) ;
#855 = DIRECTION ( 'NONE',  ( 1.000000000000000000, 0.000000000000000000, 0.000000000000000000 ) ) ;
#856 = LINE ( 'NONE', #1797, #1584 ) ;
#857 = CARTESIAN_POINT ( 'NONE',  ( 86.54700538379250929, -5.000000000000026645, 14.99999999999995737 ) ) ;
#858 = CARTESIAN_POINT ( 'NONE',  ( 5.000000000000000888, -4.999999999999992006, 4.999999999999954703 ) ) ;
#859 = DIRECTION ( 'NONE',  ( 0.4999999999999995559, 3.023711536277458178E-15, -0.8660254037844389297 ) ) ;
#860 = FACE_BOUND ( 'NONE', #994, .T. ) ;
#861 = ORIENTED_EDGE ( 'NONE', *, *, #1057, .F. ) ;
#862 = VECTOR ( 'NONE', #1085, 1000.000000000000000 ) ;
#863 = EDGE_LOOP ( 'NONE', ( #1583, #726, #151, #1496 ) ) ;
#864 = DIRECTION ( 'NONE',  ( -1.000000000000000000, 0.000000000000000000, 0.000000000000000000 ) ) ;
#865 = ADVANCED_FACE ( 'NONE', ( #1063 ), #1859, .F. ) ;
#866 = CARTESIAN_POINT ( 'NONE',  ( 60.27905619136139848, 14.99999999999997691, 14.00000000000002842 ) ) ;
#867 = CARTESIAN_POINT ( 'NONE',  ( 10.77350269189625998, -5.000000000000026645, 14.99999999999995737 ) ) ;
#868 = CARTESIAN_POINT ( 'NONE',  ( 100.5470053837925093, 15.00000000000000888, 5.000000000000024869 ) ) ;
#869 = FACE_OUTER_BOUND ( 'NONE', #1353, .T. ) ;
#870 = VECTOR ( 'NONE', #859, 1000.000000000000000 ) ;
#871 = ORIENTED_EDGE ( 'NONE', *, *, #822, .T. ) ;
#872 = ORIENTED_EDGE ( 'NONE', *, *, #77, .T. ) ;
#873 = VECTOR ( 'NONE', #248, 1000.000000000000114 ) ;
#874 = APPROVAL_PERSON_ORGANIZATION ( #416, #662, #1218 ) ;
#875 = DIRECTION ( 'NONE',  ( 0.000000000000000000, -1.000000000000000000, -3.491481338843133355E-15 ) ) ;
#876 = PLANE ( 'NONE',  #1222 ) ;
#877 = PLANE ( 'NONE',  #2085 ) ;
#878 = CYLINDRICAL_SURFACE ( 'NONE', #466, 2.000000000000001776 ) ;
#879 = COORDINATED_UNIVERSAL_TIME_OFFSET ( 8, 0, .BEHIND. ) ;
#880 = CARTESIAN_POINT ( 'NONE',  ( 52.77350269189625465, 15.00000000000000888, 5.000000000000025757 ) ) ;
#881 = VERTEX_POINT ( 'NONE', #754 ) ;
#882 = VECTOR ( 'NONE', #1204, 1000.000000000000000 ) ;
#883 = ADVANCED_FACE ( 'NONE', ( #1877 ), #1692, .F. ) ;
#884 = VERTEX_POINT ( 'NONE', #1091 ) ;
#885 = DIRECTION ( 'NONE',  ( 0.000000000000000000, -1.000000000000000000, -3.491481338843133355E-15 ) ) ;
#886 = DIRECTION ( 'NONE',  ( 1.000000000000000000, 0.000000000000000000, 0.000000000000000000 ) ) ;
#887 = CARTESIAN_POINT ( 'NONE',  ( 54.50555349946513672, 15.00000000000001243, 4.000000000000023093 ) ) ;
#888 = APPROVAL_DATE_TIME ( #1227, #541 ) ;
#889 = ORIENTED_EDGE ( 'NONE', *, *, #1799, .T. ) ;
#890 = ORIENTED_EDGE ( 'NONE', *, *, #933, .F. ) ;
#891 = ADVANCED_FACE ( 'NONE', ( #433, #253, #121, #440, #1734, #1405, #2054, #612 ), #894, .F. ) ;
#892 = VECTOR ( 'NONE', #1014, 1000.000000000000000 ) ;
#893 = EDGE_LOOP ( 'NONE', ( #241, #775, #952, #349 ) ) ;
#894 = PLANE ( 'NONE',  #516 ) ;
#895 = CARTESIAN_POINT ( 'NONE',  ( 74.99999999999998579, 14.99999999999996625, 17.00000000000002842 ) ) ;
#896 = CARTESIAN_POINT ( 'NONE',  ( 86.54700538379250929, -5.000000000000033751, 16.99999999999996092 ) ) ;
#897 = COORDINATED_UNIVERSAL_TIME_OFFSET ( 8, 0, .BEHIND. ) ;
#898 = AXIS2_PLACEMENT_3D ( 'NONE', #687, #1813, #525 ) ;
#899 = EDGE_LOOP ( 'NONE', ( #785, #759, #259, #637 ) ) ;
#900 = VECTOR ( 'NONE', #592, 1000.000000000000000 ) ;
#901 = ORIENTED_EDGE ( 'NONE', *, *, #1876, .F. ) ;
#902 = VECTOR ( 'NONE', #43, 1000.000000000000000 ) ;
#903 = VERTEX_POINT ( 'NONE', #1102 ) ;
#904 = DIRECTION ( 'NONE',  ( 0.000000000000000000, -3.491481338843133750E-15, 1.000000000000000000 ) ) ;
#905 = EDGE_CURVE ( 'NONE', #2078, #1780, #1588, .T. ) ;
#906 = DIRECTION ( 'NONE',  ( -1.000000000000000000, -0.000000000000000000, 0.000000000000000000 ) ) ;
#907 = CARTESIAN_POINT ( 'NONE',  ( 65.04145188432737257, -5.000000000000030198, 15.99999999999995914 ) ) ;
#908 = DATE_AND_TIME ( #1678, #1008 ) ;
#909 = ORIENTED_EDGE ( 'NONE', *, *, #1841, .T. ) ;
#910 = EDGE_CURVE ( 'NONE', #399, #1220, #1784, .T. ) ;
#911 = ORIENTED_EDGE ( 'NONE', *, *, #1571, .F. ) ;
#912 = EDGE_CURVE ( 'NONE', #146, #881, #1716, .T. ) ;
#913 = VECTOR ( 'NONE', #1867, 1000.000000000000000 ) ;
#914 = DIRECTION ( 'NONE',  ( 0.000000000000000000, -3.491481338843133355E-15, 1.000000000000000000 ) ) ;
#915 = CIRCLE ( 'NONE', #265, 2.500000000000067502 ) ;
#916 = DIRECTION ( 'NONE',  ( 0.000000000000000000, 3.491481338843133355E-15, -1.000000000000000000 ) ) ;
#917 = LINE ( 'NONE', #1695, #1443 ) ;
#918 = EDGE_CURVE ( 'NONE', #1239, #1530, #1964, .T. ) ;
#919 = PLANE ( 'NONE',  #729 ) ;
#920 = ORIENTED_EDGE ( 'NONE', *, *, #1266, .T. ) ;
#921 = ORIENTED_EDGE ( 'NONE', *, *, #93, .T. ) ;
#922 = ORIENTED_EDGE ( 'NONE', *, *, #1257, .F. ) ;
#923 = FACE_OUTER_BOUND ( 'NONE', #764, .T. ) ;
#924 = EDGE_CURVE ( 'NONE', #651, #481, #342, .T. ) ;
#925 = CARTESIAN_POINT ( 'NONE',  ( 86.54700538379250929, 14.99999999999997335, 15.00000000000002665 ) ) ;
#926 = CARTESIAN_POINT ( 'NONE',  ( 100.5470053837925093, -4.999999999999992006, 4.999999999999954703 ) ) ;
#927 = FACE_OUTER_BOUND ( 'NONE', #59, .T. ) ;
#928 = ORIENTED_EDGE ( 'NONE', *, *, #547, .F. ) ;
#929 = EDGE_LOOP ( 'NONE', ( #743, #2013, #1120, #1126 ) ) ;
#930 = ORIENTED_EDGE ( 'NONE', *, *, #476, .F. ) ;
#931 = CIRCLE ( 'NONE', #1881, 2.000000000000001776 ) ;
#932 = CARTESIAN_POINT ( 'NONE',  ( 109.9999999999998863, 5.000000000000051514, -7.471067811865678365 ) ) ;
#933 = EDGE_CURVE ( 'NONE', #1507, #1735, #1585, .T. ) ;
#934 = ORIENTED_EDGE ( 'NONE', *, *, #1191, .F. ) ;
#935 = FACE_OUTER_BOUND ( 'NONE', #1770, .T. ) ;
#936 = DIRECTION ( 'NONE',  ( 0.000000000000000000, -1.000000000000000000, -3.491481338843133355E-15 ) ) ;
#937 = CARTESIAN_POINT ( 'NONE',  ( 100.5470053837925093, 15.00000000000001421, 3.000000000000025313 ) ) ;
#938 = VECTOR ( 'NONE', #307, 1000.000000000000227 ) ;
#939 = ORIENTED_EDGE ( 'NONE', *, *, #1831, .T. ) ;
#940 = ORIENTED_EDGE ( 'NONE', *, *, #1457, .T. ) ;
#941 = EDGE_CURVE ( 'NONE', #1819, #1019, #1427, .T. ) ;
#942 = VERTEX_POINT ( 'NONE', #1930 ) ;
#943 = CARTESIAN_POINT ( 'NONE',  ( 58.54700538379251640, -5.000000000000026645, 14.99999999999995737 ) ) ;
#944 = ORIENTED_EDGE ( 'NONE', *, *, #389, .F. ) ;
#945 = LINE ( 'NONE', #1075, #1635 ) ;
#946 = LINE ( 'NONE', #1775, #1175 ) ;
#947 = CARTESIAN_POINT ( 'NONE',  ( 102.5470053837925093, 15.00000000000000888, 4.999999999999990230 ) ) ;
#948 = ORIENTED_EDGE ( 'NONE', *, *, #1191, .T. ) ;
#949 = ADVANCED_FACE ( 'NONE', ( #1452 ), #776, .F. ) ;
#950 = ORIENTED_EDGE ( 'NONE', *, *, #1624, .F. ) ;
#951 = CARTESIAN_POINT ( 'NONE',  ( 93.04145188432737257, 14.99999999999996980, 16.00000000000002842 ) ) ;
#952 = ORIENTED_EDGE ( 'NONE', *, *, #1266, .F. ) ;
#953 = EDGE_CURVE ( 'NONE', #2065, #1150, #2097, .T. ) ;
#954 = ORIENTED_EDGE ( 'NONE', *, *, #1354, .T. ) ;
#955 = CARTESIAN_POINT ( 'NONE',  ( 0.000000000000000000, -4.999999999999975131, -4.380877463721056069E-14 ) ) ;
#956 = ORIENTED_EDGE ( 'NONE', *, *, #1244, .F. ) ;
#957 = DIRECTION ( 'NONE',  ( 1.000000000000000000, 0.000000000000000000, 0.000000000000000000 ) ) ;
#958 = VECTOR ( 'NONE', #1112, 1000.000000000000000 ) ;
#959 = CIRCLE ( 'NONE', #1190, 2.000000000000001776 ) ;
#960 = LINE ( 'NONE', #323, #629 ) ;
#961 = DIRECTION ( 'NONE',  ( 1.000000000000000000, 0.000000000000000000, 0.000000000000000000 ) ) ;
#962 = DIRECTION ( 'NONE',  ( 0.000000000000000000, -1.000000000000000000, -3.491481338843133355E-15 ) ) ;
#963 = VERTEX_POINT ( 'NONE', #653 ) ;
#964 = DIRECTION ( 'NONE',  ( 1.000000000000000000, 0.000000000000000000, 0.000000000000000000 ) ) ;
#965 = AXIS2_PLACEMENT_3D ( 'NONE', #700, #1990, #549 ) ;
#966 = LINE ( 'NONE', #1478, #1681 ) ;
#967 = LINE ( 'NONE', #1610, #202 ) ;
#968 = ADVANCED_FACE ( 'NONE', ( #985 ), #1288, .F. ) ;
#969 = DIRECTION ( 'NONE',  ( 1.000000000000000000, 0.000000000000000000, 0.000000000000000000 ) ) ;
#970 = ORIENTED_EDGE ( 'NONE', *, *, #289, .F. ) ;
#971 = PLANE ( 'NONE',  #1483 ) ;
#972 = VERTEX_POINT ( 'NONE', #141 ) ;
#973 = EDGE_CURVE ( 'NONE', #10, #1321, #554, .T. ) ;
#974 = ORIENTED_EDGE ( 'NONE', *, *, #527, .T. ) ;
#975 = DIRECTION ( 'NONE',  ( 0.000000000000000000, -1.000000000000000000, -3.491481338843133355E-15 ) ) ;
#976 = AXIS2_PLACEMENT_3D ( 'NONE', #546, #1174, #1823 ) ;
#977 = DIRECTION ( 'NONE',  ( -1.000000000000000000, 0.000000000000000000, 0.000000000000000000 ) ) ;
#978 = DIRECTION ( 'NONE',  ( 0.000000000000000000, -1.000000000000000000, -3.491481338843133355E-15 ) ) ;
#979 = CARTESIAN_POINT ( 'NONE',  ( 73.26794919243113213, -5.000000000000023093, 13.99999999999995914 ) ) ;
#980 = ORIENTED_EDGE ( 'NONE', *, *, #1354, .F. ) ;
#981 = EDGE_CURVE ( 'NONE', #1147, #2051, #809, .T. ) ;
#982 = CARTESIAN_POINT ( 'NONE',  ( 9.041451884327381450, -5.000000000000030198, 15.99999999999995914 ) ) ;
#983 = VERTEX_POINT ( 'NONE', #1773 ) ;
#984 = ORIENTED_EDGE ( 'NONE', *, *, #797, .T. ) ;
#985 = FACE_OUTER_BOUND ( 'NONE', #683, .T. ) ;
#986 = ADVANCED_FACE ( 'NONE', ( #1597 ), #1298, .F. ) ;
#987 = CARTESIAN_POINT ( 'NONE',  ( 86.54700538379250929, 14.99999999999996625, 17.00000000000002842 ) ) ;
#988 = CYLINDRICAL_SURFACE ( 'NONE', #1998, 2.000000000000001776 ) ;
#989 = EDGE_CURVE ( 'NONE', #1297, #131, #1785, .T. ) ;
#990 = CARTESIAN_POINT ( 'NONE',  ( 37.04145188432737967, 14.99999999999996980, 16.00000000000002842 ) ) ;
#991 = VERTEX_POINT ( 'NONE', #1465 ) ;
#992 = AXIS2_PLACEMENT_3D ( 'NONE', #1506, #1993, #1660 ) ;
#993 = CARTESIAN_POINT ( 'NONE',  ( 24.77350269189625820, 15.00000000000000888, 5.000000000000025757 ) ) ;
#994 = EDGE_LOOP ( 'NONE', ( #705, #165 ) ) ;
#995 = AXIS2_PLACEMENT_3D ( 'NONE', #1215, #597, #1861 ) ;
#996 = CC_DESIGN_PERSON_AND_ORGANIZATION_ASSIGNMENT ( #723, #1548, ( #1655 ) ) ;
#997 = ORIENTED_EDGE ( 'NONE', *, *, #1274, .F. ) ;
#998 = CARTESIAN_POINT ( 'NONE',  ( 16.54700538379251995, 15.00000000000000888, 5.000000000000024869 ) ) ;
#999 = AXIS2_PLACEMENT_3D ( 'NONE', #804, #1933, #1433 ) ;
#1000 = DIRECTION ( 'NONE',  ( 0.8660254037844388186, -1.745740669421565889E-15, 0.4999999999999997780 ) ) ;
#1001 = CARTESIAN_POINT ( 'NONE',  ( 58.54700538379251640, -5.000000000000033751, 16.99999999999996092 ) ) ;
#1002 = EDGE_CURVE ( 'NONE', #213, #1949, #631, .T. ) ;
#1003 = DIRECTION ( 'NONE',  ( 0.000000000000000000, 3.491481338843133355E-15, -1.000000000000000000 ) ) ;
#1004 = DIRECTION ( 'NONE',  ( 0.8660254037844385966, 1.745740669421567664E-15, -0.5000000000000003331 ) ) ;
#1005 = AXIS2_PLACEMENT_3D ( 'NONE', #1493, #44, #690 ) ;
#1006 = CARTESIAN_POINT ( 'NONE',  ( 40.50555349946513672, -5.000000000000030198, 15.99999999999995914 ) ) ;
#1007 = EDGE_LOOP ( 'NONE', ( #1962, #1128, #2035, #911, #950, #1434, #1263 ) ) ;
#1008 = LOCAL_TIME ( 10, 53, 29.00000000000000000, #1863 ) ;
#1009 = ORIENTED_EDGE ( 'NONE', *, *, #1458, .F. ) ;
#1010 = CARTESIAN_POINT ( 'NONE',  ( 89.00000000000000000, 15.00000000000001421, 3.000000000000025313 ) ) ;
#1011 = DIRECTION ( 'NONE',  ( 1.000000000000000000, 0.000000000000000000, 0.000000000000000000 ) ) ;
#1012 = CYLINDRICAL_SURFACE ( 'NONE', #679, 2.000000000000001776 ) ;
#1013 = EDGE_CURVE ( 'NONE', #2004, #636, #386, .T. ) ;
#1014 = DIRECTION ( 'NONE',  ( 0.000000000000000000, -1.000000000000000000, -3.491481338843133355E-15 ) ) ;
#1015 = DIRECTION ( 'NONE',  ( -1.000000000000000000, -0.000000000000000000, 0.000000000000000000 ) ) ;
#1016 = CARTESIAN_POINT ( 'NONE',  ( 17.26794919243112858, -5.000000000000023093, 13.99999999999995914 ) ) ;
#1017 = EDGE_CURVE ( 'NONE', #714, #192, #1140, .T. ) ;
#1018 = LINE ( 'NONE', #1802, #1171 ) ;
#1019 = VERTEX_POINT ( 'NONE', #706 ) ;
#1020 = VERTEX_POINT ( 'NONE', #844 ) ;
#1021 = CARTESIAN_POINT ( 'NONE',  ( 87.26794919243110371, 15.00000000000000533, 6.000000000000021316 ) ) ;
#1022 = DIRECTION ( 'NONE',  ( 0.000000000000000000, -1.000000000000000000, -3.491481338843133355E-15 ) ) ;
#1023 = CARTESIAN_POINT ( 'NONE',  ( 89.00000000000000000, -4.999999999999985789, 2.999999999999955591 ) ) ;
#1024 = CARTESIAN_POINT ( 'NONE',  ( 109.9999999999998863, 4.999999999999953815, 20.19999999999998863 ) ) ;
#1025 = DIRECTION ( 'NONE',  ( -1.000000000000000000, 0.000000000000000000, 0.000000000000000000 ) ) ;
#1026 = DIRECTION ( 'NONE',  ( 0.000000000000000000, -1.000000000000000000, -3.491481338843133355E-15 ) ) ;
#1027 = CARTESIAN_POINT ( 'NONE',  ( 74.27905619136137716, 15.00000000000000533, 6.000000000000023981 ) ) ;
#1028 = ORIENTED_EDGE ( 'NONE', *, *, #1761, .F. ) ;
#1029 = VECTOR ( 'NONE', #2021, 1000.000000000000000 ) ;
#1030 = ORIENTED_EDGE ( 'NONE', *, *, #1432, .F. ) ;
#1031 = CARTESIAN_POINT ( 'NONE',  ( 60.54700538379251640, 14.99999999999997335, 14.99999999999999289 ) ) ;
#1032 = FACE_OUTER_BOUND ( 'NONE', #1090, .T. ) ;
#1033 = DIRECTION ( 'NONE',  ( 0.000000000000000000, 1.000000000000000000, 3.491481338843133355E-15 ) ) ;
#1034 = DIRECTION ( 'NONE',  ( -1.000000000000000000, 0.000000000000000000, 0.000000000000000000 ) ) ;
#1035 = EDGE_CURVE ( 'NONE', #1260, #1052, #533, .T. ) ;
#1036 = LINE ( 'NONE', #1828, #102 ) ;
#1037 = ORIENTED_EDGE ( 'NONE', *, *, #1280, .F. ) ;
#1038 = EDGE_CURVE ( 'NONE', #1884, #1909, #206, .T. ) ;
#1039 = VERTEX_POINT ( 'NONE', #1808 ) ;
#1040 = LOCAL_TIME ( 10, 53, 29.00000000000000000, #237 ) ;
#1041 = AXIS2_PLACEMENT_3D ( 'NONE', #1295, #515, #482 ) ;
#1042 = EDGE_CURVE ( 'NONE', #1895, #1413, #1795, .T. ) ;
#1043 = CARTESIAN_POINT ( 'NONE',  ( 102.5470053837925093, -4.999999999999992006, 4.999999999999990230 ) ) ;
#1044 = DIRECTION ( 'NONE',  ( 0.000000000000000000, -1.000000000000000000, -3.491481338843133355E-15 ) ) ;
#1045 = DIRECTION ( 'NONE',  ( 0.000000000000000000, -1.000000000000000000, -3.491481338843133355E-15 ) ) ;
#1046 = DIRECTION ( 'NONE',  ( 1.000000000000000000, 0.000000000000000000, 0.000000000000000000 ) ) ;
#1047 = DIRECTION ( 'NONE',  ( 0.000000000000000000, -1.000000000000000000, -3.491481338843133355E-15 ) ) ;
#1048 = ADVANCED_FACE ( 'NONE', ( #1173 ), #376, .F. ) ;
#1049 = AXIS2_PLACEMENT_3D ( 'NONE', #1675, #63, #244 ) ;
#1050 = EDGE_LOOP ( 'NONE', ( #484, #784, #1883, #765, #1680, #632, #1077 ) ) ;
#1051 = VECTOR ( 'NONE', #1114, 1000.000000000000000 ) ;
#1052 = VERTEX_POINT ( 'NONE', #521 ) ;
#1053 = DIRECTION ( 'NONE',  ( -0.4999999999999993339, -3.023711536277458572E-15, 0.8660254037844390407 ) ) ;
#1054 = CARTESIAN_POINT ( 'NONE',  ( 0.000000000000000000, -4.999999999999975131, -4.380877463721056069E-14 ) ) ;
#1055 = CARTESIAN_POINT ( 'NONE',  ( 30.54700538379251995, 14.99999999999997335, 15.00000000000002665 ) ) ;
#1056 = DATE_AND_TIME ( #1372, #672 ) ;
#1057 = EDGE_CURVE ( 'NONE', #306, #1701, #1975, .T. ) ;
#1058 = ORIENTED_EDGE ( 'NONE', *, *, #722, .F. ) ;
#1059 = AXIS2_PLACEMENT_3D ( 'NONE', #226, #181, #1510 ) ;
#1060 = ORIENTED_EDGE ( 'NONE', *, *, #2027, .T. ) ;
#1061 = EDGE_CURVE ( 'NONE', #201, #1972, #727, .T. ) ;
#1062 = CIRCLE ( 'NONE', #350, 2.000000000000001776 ) ;
#1063 = FACE_OUTER_BOUND ( 'NONE', #1626, .T. ) ;
#1064 = DIRECTION ( 'NONE',  ( 0.000000000000000000, -1.000000000000000000, -3.491481338843133355E-15 ) ) ;
#1065 = DIRECTION ( 'NONE',  ( 0.000000000000000000, -1.000000000000000000, -3.491481338843133355E-15 ) ) ;
#1066 = EDGE_CURVE ( 'NONE', #1111, #553, #60, .T. ) ;
#1067 = CARTESIAN_POINT ( 'NONE',  ( 46.27905619136139137, 15.00000000000000533, 6.000000000000023981 ) ) ;
#1068 = APPROVAL_DATE_TIME ( #908, #1209 ) ;
#1069 = ORIENTED_EDGE ( 'NONE', *, *, #173, .T. ) ;
#1070 = VECTOR ( 'NONE', #849, 1000.000000000000000 ) ;
#1071 = VERTEX_POINT ( 'NONE', #832 ) ;
#1072 = CARTESIAN_POINT ( 'NONE',  ( 120.0000000000000000, -5.000000000000044409, 19.99999999999995381 ) ) ;
#1073 = CARTESIAN_POINT ( 'NONE',  ( 32.27905619136139848, 14.99999999999997691, 14.00000000000002842 ) ) ;
#1074 = VECTOR ( 'NONE', #1543, 1000.000000000000000 ) ;
#1075 = CARTESIAN_POINT ( 'NONE',  ( 93.04145188432737257, -5.000000000000030198, 15.99999999999995914 ) ) ;
#1076 = CARTESIAN_POINT ( 'NONE',  ( 79.04145188432737257, 15.00000000000001243, 4.000000000000030198 ) ) ;
#1077 = ORIENTED_EDGE ( 'NONE', *, *, #1787, .T. ) ;
#1078 = EDGE_CURVE ( 'NONE', #430, #477, #1477, .T. ) ;
#1079 = AXIS2_PLACEMENT_3D ( 'NONE', #487, #2080, #500 ) ;
#1080 = VERTEX_POINT ( 'NONE', #193 ) ;
#1081 = AXIS2_PLACEMENT_3D ( 'NONE', #1121, #620, #1752 ) ;
#1082 = VERTEX_POINT ( 'NONE', #674 ) ;
#1083 = CARTESIAN_POINT ( 'NONE',  ( 102.2790561913613772, 15.00000000000000533, 6.000000000000023981 ) ) ;
#1084 = EDGE_CURVE ( 'NONE', #903, #138, #543, .T. ) ;
#1085 = DIRECTION ( 'NONE',  ( -0.4999999999999993339, -3.023711536277458572E-15, 0.8660254037844390407 ) ) ;
#1086 = LINE ( 'NONE', #1076, #1201 ) ;
#1087 = ORIENTED_EDGE ( 'NONE', *, *, #924, .F. ) ;
#1088 = VERTEX_POINT ( 'NONE', #1031 ) ;
#1089 = EDGE_CURVE ( 'NONE', #177, #213, #1466, .T. ) ;
#1090 = EDGE_LOOP ( 'NONE', ( #373, #648 ) ) ;
#1091 = CARTESIAN_POINT ( 'NONE',  ( 51.04145188432737967, -4.999999999999988454, 3.999999999999956035 ) ) ;
#1092 = CIRCLE ( 'NONE', #1544, 2.000000000000001776 ) ;
#1093 = CIRCLE ( 'NONE', #1193, 2.000000000000001776 ) ;
#1094 = DIRECTION ( 'NONE',  ( -0.5000000000000002220, 3.023711536277456600E-15, -0.8660254037844384856 ) ) ;
#1095 = LINE ( 'NONE', #896, #1337 ) ;
#1096 = ADVANCED_FACE ( 'NONE', ( #1309 ), #352, .F. ) ;
#1097 = ORIENTED_EDGE ( 'NONE', *, *, #1089, .T. ) ;
#1098 = AXIS2_PLACEMENT_3D ( 'NONE', #1491, #1979, #1164 ) ;
#1099 = ORIENTED_EDGE ( 'NONE', *, *, #739, .F. ) ;
#1100 = ORIENTED_EDGE ( 'NONE', *, *, #1078, .T. ) ;
#1101 = AXIS2_PLACEMENT_3D ( 'NONE', #55, #65, #1347 ) ;
#1102 = CARTESIAN_POINT ( 'NONE',  ( 74.27905619136137716, 15.00000000000000533, 6.000000000000023981 ) ) ;
#1103 = VECTOR ( 'NONE', #1238, 1000.000000000000000 ) ;
#1104 = VERTEX_POINT ( 'NONE', #1322 ) ;
#1105 = DIRECTION ( 'NONE',  ( -1.000000000000000000, 0.000000000000000000, 0.000000000000000000 ) ) ;
#1106 = DIRECTION ( 'NONE',  ( 0.000000000000000000, -1.000000000000000000, -3.491481338843133355E-15 ) ) ;
#1107 = APPROVAL_PERSON_ORGANIZATION ( #1386, #1209, #1360 ) ;
#1108 = CARTESIAN_POINT ( 'NONE',  ( 82.50555349946513672, -4.999999999999988454, 3.999999999999953371 ) ) ;
#1109 = VECTOR ( 'NONE', #1791, 1000.000000000000000 ) ;
#1110 = ORIENTED_EDGE ( 'NONE', *, *, #493, .T. ) ;
#1111 = VERTEX_POINT ( 'NONE', #1010 ) ;
#1112 = DIRECTION ( 'NONE',  ( -1.000000000000000000, 0.000000000000000000, 0.000000000000000000 ) ) ;
#1113 = EDGE_LOOP ( 'NONE', ( #250, #1753, #58, #831 ) ) ;
#1114 = DIRECTION ( 'NONE',  ( -0.4999999999999993339, -3.023711536277458572E-15, 0.8660254037844390407 ) ) ;
#1115 = ORIENTED_EDGE ( 'NONE', *, *, #774, .F. ) ;
#1116 = CARTESIAN_POINT ( 'NONE',  ( 96.50555349946513672, 14.99999999999996980, 16.00000000000002132 ) ) ;
#1117 = DIRECTION ( 'NONE',  ( 0.000000000000000000, -1.000000000000000000, -3.491481338843133355E-15 ) ) ;
#1118 = ORIENTED_EDGE ( 'NONE', *, *, #1830, .T. ) ;
#1119 = CYLINDRICAL_SURFACE ( 'NONE', #1041, 2.000000000000001776 ) ;
#1120 = ORIENTED_EDGE ( 'NONE', *, *, #1787, .F. ) ;
#1121 = CARTESIAN_POINT ( 'NONE',  ( 72.54700538379250929, 15.00000000000000888, 5.000000000000024869 ) ) ;
#1122 = DIRECTION ( 'NONE',  ( 0.000000000000000000, -1.000000000000000000, -3.491481338843133355E-15 ) ) ;
#1123 = CARTESIAN_POINT ( 'NONE',  ( 18.99999999999999645, -5.000000000000033751, 16.99999999999996092 ) ) ;
#1124 = AXIS2_PLACEMENT_3D ( 'NONE', #926, #1898, #451 ) ;
#1125 = CYLINDRICAL_SURFACE ( 'NONE', #356, 2.000000000000001776 ) ;
#1126 = ORIENTED_EDGE ( 'NONE', *, *, #641, .T. ) ;
#1127 = FACE_OUTER_BOUND ( 'NONE', #815, .T. ) ;
#1128 = ORIENTED_EDGE ( 'NONE', *, *, #918, .F. ) ;
#1129 = EDGE_LOOP ( 'NONE', ( #339, #673, #532, #1418 ) ) ;
#1130 = DIRECTION ( 'NONE',  ( 0.000000000000000000, -1.000000000000000000, -3.491481338843133355E-15 ) ) ;
#1131 = DIRECTION ( 'NONE',  ( 0.5000000000000002220, -3.023711536277456600E-15, 0.8660254037844384856 ) ) ;
#1132 = CARTESIAN_POINT ( 'NONE',  ( 24.77350269189625820, -4.999999999999992006, 4.999999999999955591 ) ) ;
#1133 = CARTESIAN_POINT ( 'NONE',  ( 61.00000000000000000, -4.999999999999992006, 4.999999999999954703 ) ) ;
#1134 = ORIENTED_EDGE ( 'NONE', *, *, #1167, .T. ) ;
#1135 = VECTOR ( 'NONE', #200, 1000.000000000000114 ) ;
#1136 = CARTESIAN_POINT ( 'NONE',  ( 46.99999999999999289, 14.99999999999996625, 17.00000000000002842 ) ) ;
#1137 = APPROVAL_PERSON_ORGANIZATION ( #1564, #541, #1686 ) ;
#1138 = ORIENTED_EDGE ( 'NONE', *, *, #1250, .T. ) ;
#1139 = ORIENTED_EDGE ( 'NONE', *, *, #1017, .F. ) ;
#1140 = LINE ( 'NONE', #1021, #1501 ) ;
#1141 = DIRECTION ( 'NONE',  ( 0.000000000000000000, 3.491481338843133355E-15, -1.000000000000000000 ) ) ;
#1142 = CARTESIAN_POINT ( 'NONE',  ( 75.00000000000000000, 14.99999999999997335, 15.00000000000002665 ) ) ;
#1143 = AXIS2_PLACEMENT_3D ( 'NONE', #280, #271, #421 ) ;
#1144 = CARTESIAN_POINT ( 'NONE',  ( 19.00000000000000355, -5.000000000000026645, 14.99999999999995737 ) ) ;
#1145 = ORIENTED_EDGE ( 'NONE', *, *, #1959, .F. ) ;
#1146 = LINE ( 'NONE', #504, #1109 ) ;
#1147 = VERTEX_POINT ( 'NONE', #1654 ) ;
#1148 = VERTEX_POINT ( 'NONE', #1498 ) ;
#1149 = ADVANCED_FACE ( 'NONE', ( #1985 ), #1332, .F. ) ;
#1150 = VERTEX_POINT ( 'NONE', #806 ) ;
#1151 = DIRECTION ( 'NONE',  ( 1.000000000000000000, 0.000000000000000000, 0.000000000000000000 ) ) ;
#1152 = DIRECTION ( 'NONE',  ( -0.4999999999999993339, -3.023711536277458572E-15, 0.8660254037844390407 ) ) ;
#1153 = FACE_BOUND ( 'NONE', #428, .T. ) ;
#1154 = CARTESIAN_POINT ( 'NONE',  ( 61.00000000000000000, 15.00000000000000888, 5.000000000000024869 ) ) ;
#1155 = LINE ( 'NONE', #1326, #94 ) ;
#1156 = AXIS2_PLACEMENT_3D ( 'NONE', #1302, #1459, #1271 ) ;
#1157 = CARTESIAN_POINT ( 'NONE',  ( 73.26794919243113213, 14.99999999999997691, 14.00000000000002842 ) ) ;
#1158 = ORIENTED_EDGE ( 'NONE', *, *, #77, .F. ) ;
#1159 = ORIENTED_EDGE ( 'NONE', *, *, #185, .F. ) ;
#1160 = ORIENTED_EDGE ( 'NONE', *, *, #1907, .F. ) ;
#1161 = CARTESIAN_POINT ( 'NONE',  ( 30.54700538379251995, 14.99999999999996625, 17.00000000000002842 ) ) ;
#1162 = DIRECTION ( 'NONE',  ( 1.000000000000000000, 0.000000000000000000, 0.000000000000000000 ) ) ;
#1163 = DIRECTION ( 'NONE',  ( 0.000000000000000000, -1.000000000000000000, -3.491481338843133355E-15 ) ) ;
#1164 = DIRECTION ( 'NONE',  ( 1.000000000000000000, 0.000000000000000000, 0.000000000000000000 ) ) ;
#1165 = CARTESIAN_POINT ( 'NONE',  ( 0.000000000000000000, 15.00000000000002487, 2.602085213965210642E-14 ) ) ;
#1166 = LINE ( 'NONE', #1016, #870 ) ;
#1167 = EDGE_CURVE ( 'NONE', #477, #1341, #1397, .T. ) ;
#1168 = CARTESIAN_POINT ( 'NONE',  ( 9.041451884327381450, 14.99999999999996980, 16.00000000000002842 ) ) ;
#1169 = ORIENTED_EDGE ( 'NONE', *, *, #114, .F. ) ;
#1170 = EDGE_CURVE ( 'NONE', #410, #1019, #1275, .T. ) ;
#1171 = VECTOR ( 'NONE', #1484, 1000.000000000000000 ) ;
#1172 = ORIENTED_EDGE ( 'NONE', *, *, #933, .T. ) ;
#1173 = FACE_OUTER_BOUND ( 'NONE', #1762, .T. ) ;
#1174 = DIRECTION ( 'NONE',  ( 0.000000000000000000, 1.000000000000000000, 3.491481338843133355E-15 ) ) ;
#1175 = VECTOR ( 'NONE', #1788, 1000.000000000000000 ) ;
#1176 = DIRECTION ( 'NONE',  ( 0.000000000000000000, -1.000000000000000000, -4.163336342344225008E-15 ) ) ;
#1177 = DIRECTION ( 'NONE',  ( -0.8660254037844389297, 1.745740669421564903E-15, -0.4999999999999995004 ) ) ;
#1178 = AXIS2_PLACEMENT_3D ( 'NONE', #643, #509, #1417 ) ;
#1179 = LINE ( 'NONE', #1679, #1441 ) ;
#1180 = ORIENTED_EDGE ( 'NONE', *, *, #1553, .T. ) ;
#1181 = ORIENTED_EDGE ( 'NONE', *, *, #973, .F. ) ;
#1182 = DIRECTION ( 'NONE',  ( 0.4999999999999995559, 3.023711536277458178E-15, -0.8660254037844389297 ) ) ;
#1183 = LINE ( 'NONE', #718, #1074 ) ;
#1184 = LINE ( 'NONE', #392, #53 ) ;
#1185 = DIRECTION ( 'NONE',  ( -1.000000000000000000, 0.000000000000000000, 0.000000000000000000 ) ) ;
#1186 = PLANE ( 'NONE',  #1005 ) ;
#1187 = CARTESIAN_POINT ( 'NONE',  ( 18.99999999999999645, 14.99999999999996625, 17.00000000000002842 ) ) ;
#1188 = ORIENTED_EDGE ( 'NONE', *, *, #556, .T. ) ;
#1189 = VECTOR ( 'NONE', #348, 1000.000000000000114 ) ;
#1190 = AXIS2_PLACEMENT_3D ( 'NONE', #1472, #668, #1955 ) ;
#1191 = EDGE_CURVE ( 'NONE', #249, #1448, #1462, .T. ) ;
#1192 = EDGE_CURVE ( 'NONE', #1424, #137, #659, .T. ) ;
#1193 = AXIS2_PLACEMENT_3D ( 'NONE', #403, #1848, #1236 ) ;
#1194 = ORIENTED_EDGE ( 'NONE', *, *, #1834, .T. ) ;
#1195 = PLANE ( 'NONE',  #374 ) ;
#1196 = ADVANCED_FACE ( 'NONE', ( #2074 ), #627, .F. ) ;
#1197 = CARTESIAN_POINT ( 'NONE',  ( 109.9999999999998863, 5.000000000000024869, -0.2000000000000085598 ) ) ;
#1198 = CARTESIAN_POINT ( 'NONE',  ( 17.26794919243112858, 14.99999999999997691, 14.00000000000002842 ) ) ;
#1199 = LINE ( 'NONE', #1900, #318 ) ;
#1200 = EDGE_LOOP ( 'NONE', ( #1422, #1914, #2053, #305 ) ) ;
#1201 = VECTOR ( 'NONE', #1256, 1000.000000000000000 ) ;
#1202 = VERTEX_POINT ( 'NONE', #1638 ) ;
#1203 = EDGE_CURVE ( 'NONE', #1509, #1104, #1769, .T. ) ;
#1204 = DIRECTION ( 'NONE',  ( 0.000000000000000000, -1.000000000000000000, -3.491481338843133355E-15 ) ) ;
#1205 = CARTESIAN_POINT ( 'NONE',  ( 100.5470053837925093, 15.00000000000000888, 5.000000000000024869 ) ) ;
#1206 = FACE_OUTER_BOUND ( 'NONE', #1595, .T. ) ;
#1207 = CARTESIAN_POINT ( 'NONE',  ( 33.00000000000000000, 15.00000000000000888, 5.000000000000024869 ) ) ;
#1208 = PERSON_AND_ORGANIZATION_ROLE ( 'creator' ) ;
#1209 = APPROVAL ( #276, 'UNSPECIFIED' ) ;
#1210 = DIRECTION ( 'NONE',  ( -1.000000000000000000, 0.000000000000000000, 0.000000000000000000 ) ) ;
#1211 = CIRCLE ( 'NONE', #1311, 2.000000000000001776 ) ;
#1212 = ORIENTED_EDGE ( 'NONE', *, *, #1568, .F. ) ;
#1213 = ORIENTED_EDGE ( 'NONE', *, *, #1970, .F. ) ;
#1214 = DIRECTION ( 'NONE',  ( 0.000000000000000000, 1.000000000000000000, 3.491481338843133355E-15 ) ) ;
#1215 = CARTESIAN_POINT ( 'NONE',  ( 72.54700538379250929, -4.999999999999992006, 4.999999999999954703 ) ) ;
#1216 = CARTESIAN_POINT ( 'NONE',  ( 61.00000000000000000, -4.999999999999985789, 2.999999999999955591 ) ) ;
#1217 = LINE ( 'NONE', #1574, #99 ) ;
#1218 = APPROVAL_ROLE ( '' ) ;
#1219 = CARTESIAN_POINT ( 'NONE',  ( 60.27905619136139848, 14.99999999999997691, 14.00000000000002842 ) ) ;
#1220 = VERTEX_POINT ( 'NONE', #650 ) ;
#1221 = ORIENTED_EDGE ( 'NONE', *, *, #1280, .T. ) ;
#1222 = AXIS2_PLACEMENT_3D ( 'NONE', #677, #720, #42 ) ;
#1223 = LINE ( 'NONE', #2018, #411 ) ;
#1224 = CARTESIAN_POINT ( 'NONE',  ( 109.9999999999998863, 4.999999999999955591, 19.99999999999998934 ) ) ;
#1225 = CARTESIAN_POINT ( 'NONE',  ( 46.99999999999999289, -5.000000000000033751, 16.99999999999996092 ) ) ;
#1226 = DIRECTION ( 'NONE',  ( 0.000000000000000000, -1.000000000000000000, -3.491481338843133355E-15 ) ) ;
#1227 = DATE_AND_TIME ( #574, #1040 ) ;
#1228 = EDGE_CURVE ( 'NONE', #1202, #1286, #825, .T. ) ;
#1229 = FACE_OUTER_BOUND ( 'NONE', #540, .T. ) ;
#1230 = ORIENTED_EDGE ( 'NONE', *, *, #1527, .T. ) ;
#1231 = AXIS2_PLACEMENT_3D ( 'NONE', #2002, #562, #550 ) ;
#1232 = ORIENTED_EDGE ( 'NONE', *, *, #1959, .T. ) ;
#1233 = ADVANCED_FACE ( 'NONE', ( #670 ), #1119, .F. ) ;
#1234 = VECTOR ( 'NONE', #294, 1000.000000000000000 ) ;
#1235 = LINE ( 'NONE', #1391, #882 ) ;
#1236 = DIRECTION ( 'NONE',  ( -1.000000000000000000, 0.000000000000000000, 0.000000000000000000 ) ) ;
#1237 = VECTOR ( 'NONE', #486, 1000.000000000000000 ) ;
#1238 = DIRECTION ( 'NONE',  ( -1.000000000000000000, -0.000000000000000000, 0.000000000000000000 ) ) ;
#1239 = VERTEX_POINT ( 'NONE', #1759 ) ;
#1240 = VERTEX_POINT ( 'NONE', #1946 ) ;
#1241 = AXIS2_PLACEMENT_3D ( 'NONE', #1252, #1763, #1744 ) ;
#1242 = VERTEX_POINT ( 'NONE', #326 ) ;
#1243 = LINE ( 'NONE', #1886, #681 ) ;
#1244 = EDGE_CURVE ( 'NONE', #1918, #146, #148, .T. ) ;
#1245 = ORIENTED_EDGE ( 'NONE', *, *, #1876, .T. ) ;
#1246 = CARTESIAN_POINT ( 'NONE',  ( 30.54700538379251995, 14.99999999999997335, 15.00000000000002665 ) ) ;
#1247 = CARTESIAN_POINT ( 'NONE',  ( 60.54700538379251640, 14.99999999999997335, 15.00000000000002665 ) ) ;
#1248 = DIRECTION ( 'NONE',  ( 0.000000000000000000, 3.491481338843133355E-15, -1.000000000000000000 ) ) ;
#1249 = ORIENTED_EDGE ( 'NONE', *, *, #11, .T. ) ;
#1250 = EDGE_CURVE ( 'NONE', #1768, #642, #299, .T. ) ;
#1251 = ORIENTED_EDGE ( 'NONE', *, *, #1375, .T. ) ;
#1252 = CARTESIAN_POINT ( 'NONE',  ( 5.000000000000000888, 15.00000000000000888, 5.000000000000024869 ) ) ;
#1253 = AXIS2_PLACEMENT_3D ( 'NONE', #1144, #2093, #635 ) ;
#1254 = VERTEX_POINT ( 'NONE', #1136 ) ;
#1255 = VECTOR ( 'NONE', #2057, 1000.000000000000000 ) ;
#1256 = DIRECTION ( 'NONE',  ( 0.000000000000000000, -1.000000000000000000, -3.491481338843133355E-15 ) ) ;
#1257 = EDGE_CURVE ( 'NONE', #1485, #418, #1776, .T. ) ;
#1258 = DIRECTION ( 'NONE',  ( 0.000000000000000000, -1.000000000000000000, -3.491481338843133355E-15 ) ) ;
#1259 = ORIENTED_EDGE ( 'NONE', *, *, #35, .F. ) ;
#1260 = VERTEX_POINT ( 'NONE', #492 ) ;
#1261 = DIRECTION ( 'NONE',  ( 0.000000000000000000, -1.000000000000000000, -3.491481338843133355E-15 ) ) ;
#1262 = ADVANCED_FACE ( 'NONE', ( #1127 ), #971, .F. ) ;
#1263 = ORIENTED_EDGE ( 'NONE', *, *, #1457, .F. ) ;
#1264 = AXIS2_PLACEMENT_3D ( 'NONE', #1694, #1065, #1705 ) ;
#1265 = CARTESIAN_POINT ( 'NONE',  ( 100.5470053837925093, -4.999999999999992006, 4.999999999999954703 ) ) ;
#1266 = EDGE_CURVE ( 'NONE', #1790, #410, #1146, .T. ) ;
#1267 = EDGE_LOOP ( 'NONE', ( #2073, #1194 ) ) ;
#1268 = FACE_OUTER_BOUND ( 'NONE', #1983, .T. ) ;
#1269 = DIRECTION ( 'NONE',  ( 0.4999999999999993339, 3.023711536277458572E-15, -0.8660254037844390407 ) ) ;
#1270 = AXIS2_PLACEMENT_3D ( 'NONE', #510, #1000, #1312 ) ;
#1271 = DIRECTION ( 'NONE',  ( -1.000000000000000000, 0.000000000000000000, 0.000000000000000000 ) ) ;
#1272 = ORIENTED_EDGE ( 'NONE', *, *, #1556, .T. ) ;
#1273 = ADVANCED_FACE ( 'NONE', ( #189 ), #1779, .F. ) ;
#1274 = EDGE_CURVE ( 'NONE', #983, #1020, #176, .T. ) ;
#1275 = LINE ( 'NONE', #1474, #958 ) ;
#1276 = ORIENTED_EDGE ( 'NONE', *, *, #1921, .T. ) ;
#1277 = ORIENTED_EDGE ( 'NONE', *, *, #1203, .F. ) ;
#1278 = CARTESIAN_POINT ( 'NONE',  ( 0.000000000000000000, -5.000000000000044409, 19.99999999999995381 ) ) ;
#1279 = AXIS2_PLACEMENT_3D ( 'NONE', #1500, #1664, #1999 ) ;
#1280 = EDGE_CURVE ( 'NONE', #963, #483, #372, .T. ) ;
#1281 = PLANE ( 'NONE',  #1270 ) ;
#1282 = FACE_OUTER_BOUND ( 'NONE', #447, .T. ) ;
#1283 = DIRECTION ( 'NONE',  ( 0.5000000000000002220, -3.023711536277456600E-15, 0.8660254037844384856 ) ) ;
#1284 = ORIENTED_EDGE ( 'NONE', *, *, #2005, .T. ) ;
#1285 = CARTESIAN_POINT ( 'NONE',  ( 86.54700538379250929, 14.99999999999997335, 15.00000000000002665 ) ) ;
#1286 = VERTEX_POINT ( 'NONE', #360 ) ;
#1287 = EDGE_LOOP ( 'NONE', ( #779, #495, #1710, #140, #1395, #1662, #1435 ) ) ;
#1288 = CYLINDRICAL_SURFACE ( 'NONE', #1453, 2.000000000000001776 ) ;
#1289 = VECTOR ( 'NONE', #1151, 1000.000000000000000 ) ;
#1290 = CARTESIAN_POINT ( 'NONE',  ( 82.50555349946513672, 15.00000000000001243, 4.000000000000023093 ) ) ;
#1291 = CARTESIAN_POINT ( 'NONE',  ( 88.27905619136139137, 14.99999999999997691, 14.00000000000003020 ) ) ;
#1292 = AXIS2_PLACEMENT_3D ( 'NONE', #311, #802, #1162 ) ;
#1293 = CARTESIAN_POINT ( 'NONE',  ( 9.041451884327381450, -5.000000000000030198, 15.99999999999995914 ) ) ;
#1294 = ORIENTED_EDGE ( 'NONE', *, *, #1602, .F. ) ;
#1295 = CARTESIAN_POINT ( 'NONE',  ( 89.00000000000000000, 15.00000000000000888, 5.000000000000024869 ) ) ;
#1296 = EDGE_LOOP ( 'NONE', ( #1497, #1596, #1030, #817 ) ) ;
#1297 = VERTEX_POINT ( 'NONE', #408 ) ;
#1298 = CYLINDRICAL_SURFACE ( 'NONE', #1619, 2.000000000000001776 ) ;
#1299 = CYLINDRICAL_SURFACE ( 'NONE', #1815, 2.000000000000001776 ) ;
#1300 = DIRECTION ( 'NONE',  ( 0.000000000000000000, -1.000000000000000000, -3.491481338843133355E-15 ) ) ;
#1301 = AXIS2_PLACEMENT_3D ( 'NONE', #1911, #1581, #284 ) ;
#1302 = CARTESIAN_POINT ( 'NONE',  ( 30.54700538379251995, -5.000000000000026645, 14.99999999999995737 ) ) ;
#1303 = VERTEX_POINT ( 'NONE', #1006 ) ;
#1304 = ORGANIZATION ( 'UNSPECIFIED', 'UNSPECIFIED', '' ) ;
#1305 = EDGE_CURVE ( 'NONE', #177, #1321, #1018, .T. ) ;
#1306 = DIRECTION ( 'NONE',  ( 0.000000000000000000, -3.491481338843133355E-15, 1.000000000000000000 ) ) ;
#1307 = ORIENTED_EDGE ( 'NONE', *, *, #173, .F. ) ;
#1308 = EDGE_LOOP ( 'NONE', ( #594, #1160, #805, #117 ) ) ;
#1309 = FACE_OUTER_BOUND ( 'NONE', #1747, .T. ) ;
#1310 = ADVANCED_BREP_SHAPE_REPRESENTATION ( 'DroneArmC', ( #1639, #772 ), #1649 ) ;
#1311 = AXIS2_PLACEMENT_3D ( 'NONE', #1142, #1300, #1954 ) ;
#1312 = DIRECTION ( 'NONE',  ( -0.4999999999999997224, -3.023711536277457389E-15, 0.8660254037844387076 ) ) ;
#1313 = LINE ( 'NONE', #835, #1345 ) ;
#1314 = EDGE_CURVE ( 'NONE', #249, #1918, #1036, .T. ) ;
#1315 = AXIS2_PLACEMENT_3D ( 'NONE', #787, #2077, #462 ) ;
#1316 = LINE ( 'NONE', #357, #693 ) ;
#1317 = FACE_OUTER_BOUND ( 'NONE', #1475, .T. ) ;
#1318 = DIRECTION ( 'NONE',  ( 0.000000000000000000, -1.000000000000000000, -4.163336342344225008E-15 ) ) ;
#1319 = ORIENTED_EDGE ( 'NONE', *, *, #981, .T. ) ;
#1320 = ORIENTED_EDGE ( 'NONE', *, *, #1274, .T. ) ;
#1321 = VERTEX_POINT ( 'NONE', #57 ) ;
#1322 = CARTESIAN_POINT ( 'NONE',  ( 3.267949192431125027, -4.999999999999995559, 5.999999999999954703 ) ) ;
#1323 = CARTESIAN_POINT ( 'NONE',  ( 61.00000000000000000, 15.00000000000001421, 3.000000000000025313 ) ) ;
#1324 = FACE_BOUND ( 'NONE', #437, .T. ) ;
#1325 = FACE_BOUND ( 'NONE', #1652, .T. ) ;
#1326 = CARTESIAN_POINT ( 'NONE',  ( 30.54700538379251995, -5.000000000000033751, 16.99999999999996092 ) ) ;
#1327 = CARTESIAN_POINT ( 'NONE',  ( 23.04145188432737612, -4.999999999999988454, 3.999999999999955147 ) ) ;
#1328 = CIRCLE ( 'NONE', #1736, 2.000000000000001776 ) ;
#1329 = CARTESIAN_POINT ( 'NONE',  ( 5.000000000000000888, -4.999999999999985789, 2.999999999999955591 ) ) ;
#1330 = ORIENTED_EDGE ( 'NONE', *, *, #429, .T. ) ;
#1331 = ORIENTED_EDGE ( 'NONE', *, *, #1726, .F. ) ;
#1332 = PLANE ( 'NONE',  #214 ) ;
#1333 = CARTESIAN_POINT ( 'NONE',  ( 5.000000000000000888, 15.00000000000001421, 3.000000000000025313 ) ) ;
#1334 = FACE_OUTER_BOUND ( 'NONE', #417, .T. ) ;
#1335 = DIRECTION ( 'NONE',  ( 0.000000000000000000, -1.000000000000000000, -3.491481338843133355E-15 ) ) ;
#1336 = CARTESIAN_POINT ( 'NONE',  ( 94.77350269189624044, 14.99999999999997335, 15.00000000000002665 ) ) ;
#1337 = VECTOR ( 'NONE', #1420, 1000.000000000000000 ) ;
#1338 = DIRECTION ( 'NONE',  ( 0.000000000000000000, -1.000000000000000000, -3.491481338843133355E-15 ) ) ;
#1339 = ORIENTED_EDGE ( 'NONE', *, *, #1408, .F. ) ;
#1340 = EDGE_CURVE ( 'NONE', #1082, #249, #268, .T. ) ;
#1341 = VERTEX_POINT ( 'NONE', #691 ) ;
#1342 = CARTESIAN_POINT ( 'NONE',  ( 10.77350269189625998, 14.99999999999997335, 15.00000000000002665 ) ) ;
#1343 = DIRECTION ( 'NONE',  ( 0.000000000000000000, 0.000000000000000000, 1.000000000000000000 ) ) ;
#1344 = CARTESIAN_POINT ( 'NONE',  ( 79.04145188432737257, -4.999999999999988454, 3.999999999999960032 ) ) ;
#1345 = VECTOR ( 'NONE', #1599, 1000.000000000000000 ) ;
#1346 = DIRECTION ( 'NONE',  ( -1.000000000000000000, 0.000000000000000000, 0.000000000000000000 ) ) ;
#1347 = DIRECTION ( 'NONE',  ( -1.000000000000000000, 0.000000000000000000, 0.000000000000000000 ) ) ;
#1348 = CARTESIAN_POINT ( 'NONE',  ( 33.00000000000000000, 15.00000000000001421, 3.000000000000025313 ) ) ;
#1349 = EDGE_CURVE ( 'NONE', #972, #1806, #1816, .T. ) ;
#1350 = VECTOR ( 'NONE', #1555, 1000.000000000000000 ) ;
#1351 = DIRECTION ( 'NONE',  ( -0.8660254037844388186, -1.745740669421565889E-15, 0.4999999999999997780 ) ) ;
#1352 = VERTEX_POINT ( 'NONE', #34 ) ;
#1353 = EDGE_LOOP ( 'NONE', ( #669, #2076, #1388, #1778 ) ) ;
#1354 = EDGE_CURVE ( 'NONE', #213, #1463, #725, .T. ) ;
#1355 = ORIENTED_EDGE ( 'NONE', *, *, #800, .F. ) ;
#1356 = FACE_OUTER_BOUND ( 'NONE', #2067, .T. ) ;
#1357 = CARTESIAN_POINT ( 'NONE',  ( 74.54700538379250929, 15.00000000000000888, 4.999999999999990230 ) ) ;
#1358 = FACE_OUTER_BOUND ( 'NONE', #863, .T. ) ;
#1359 = DIRECTION ( 'NONE',  ( 0.000000000000000000, -1.000000000000000000, -3.491481338843133355E-15 ) ) ;
#1360 = APPROVAL_ROLE ( '' ) ;
#1361 = CARTESIAN_POINT ( 'NONE',  ( 109.9999999999998863, 4.999999999999953815, 20.19999999999998863 ) ) ;
#1362 = ORIENTED_EDGE ( 'NONE', *, *, #400, .T. ) ;
#1363 = AXIS2_PLACEMENT_3D ( 'NONE', #1625, #1306, #1927 ) ;
#1364 = AXIS2_PLACEMENT_3D ( 'NONE', #857, #1789, #1503 ) ;
#1365 = AXIS2_PLACEMENT_3D ( 'NONE', #1197, #443, #1723 ) ;
#1366 = ORIENTED_EDGE ( 'NONE', *, *, #1556, .F. ) ;
#1367 = CIRCLE ( 'NONE', #737, 2.000000000000001776 ) ;
#1368 = CARTESIAN_POINT ( 'NONE',  ( 0.000000000000000000, -4.999999999999975131, -0.2000000000000438094 ) ) ;
#1369 = CARTESIAN_POINT ( 'NONE',  ( 12.50555349946513850, -5.000000000000030198, 15.99999999999995914 ) ) ;
#1370 = DIRECTION ( 'NONE',  ( -0.8660254037844385966, -1.745740669421567664E-15, 0.5000000000000003331 ) ) ;
#1371 = DIRECTION ( 'NONE',  ( 0.000000000000000000, -1.000000000000000000, -3.491481338843133355E-15 ) ) ;
#1372 = CALENDAR_DATE ( 2026, 4, 8 ) ;
#1373 = VECTOR ( 'NONE', #124, 1000.000000000000000 ) ;
#1374 = EDGE_LOOP ( 'NONE', ( #788, #1412, #1615, #1429 ) ) ;
#1375 = EDGE_CURVE ( 'NONE', #881, #1052, #235, .T. ) ;
#1376 = AXIS2_PLACEMENT_3D ( 'NONE', #2039, #107, #622 ) ;
#1377 = ORIENTED_EDGE ( 'NONE', *, *, #2019, .F. ) ;
#1378 = EDGE_CURVE ( 'NONE', #387, #1390, #915, .T. ) ;
#1379 = VECTOR ( 'NONE', #15, 1000.000000000000000 ) ;
#1380 = ORIENTED_EDGE ( 'NONE', *, *, #1720, .F. ) ;
#1381 = CARTESIAN_POINT ( 'NONE',  ( 30.54700538379251995, 14.99999999999996625, 17.00000000000002842 ) ) ;
#1382 = APPLICATION_CONTEXT ( 'configuration controlled 3d designs of mechanical parts and assemblies' ) ;
#1383 = DIRECTION ( 'NONE',  ( 1.000000000000000000, 0.000000000000000000, 0.000000000000000000 ) ) ;
#1384 = DIRECTION ( 'NONE',  ( -1.000000000000000000, 0.000000000000000000, 0.000000000000000000 ) ) ;
#1385 = CARTESIAN_POINT ( 'NONE',  ( 9.041451884327381450, 14.99999999999996980, 16.00000000000002842 ) ) ;
#1386 = PERSON_AND_ORGANIZATION ( #544, #1304 ) ;
#1387 = AXIS2_PLACEMENT_3D ( 'NONE', #1132, #334, #634 ) ;
#1388 = ORIENTED_EDGE ( 'NONE', *, *, #1192, .F. ) ;
#1389 = ADVANCED_FACE ( 'NONE', ( #860, #1689 ), #1971, .F. ) ;
#1390 = VERTEX_POINT ( 'NONE', #528 ) ;
#1391 = CARTESIAN_POINT ( 'NONE',  ( 12.50555349946513850, 14.99999999999996980, 16.00000000000002842 ) ) ;
#1392 = EDGE_CURVE ( 'NONE', #137, #1297, #1179, .T. ) ;
#1393 = DIRECTION ( 'NONE',  ( 0.000000000000000000, -1.000000000000000000, -3.491481338843133355E-15 ) ) ;
#1394 = LINE ( 'NONE', #599, #836 ) ;
#1395 = ORIENTED_EDGE ( 'NONE', *, *, #590, .F. ) ;
#1396 = AXIS2_PLACEMENT_3D ( 'NONE', #998, #39, #684 ) ;
#1397 = CIRCLE ( 'NONE', #422, 2.000000000000001776 ) ;
#1398 = AXIS2_PLACEMENT_3D ( 'NONE', #132, #780, #1419 ) ;
#1399 = DIRECTION ( 'NONE',  ( 0.000000000000000000, 3.491481338843133355E-15, -1.000000000000000000 ) ) ;
#1400 = CARTESIAN_POINT ( 'NONE',  ( 72.54700538379250929, -4.999999999999985789, 2.999999999999955591 ) ) ;
#1401 = DIRECTION ( 'NONE',  ( 0.5000000000000000000, -3.023711536277456995E-15, 0.8660254037844385966 ) ) ;
#1402 = VERTEX_POINT ( 'NONE', #1157 ) ;
#1403 = ORIENTED_EDGE ( 'NONE', *, *, #1170, .T. ) ;
#1404 = ORIENTED_EDGE ( 'NONE', *, *, #1192, .T. ) ;
#1405 = FACE_BOUND ( 'NONE', #1287, .T. ) ;
#1406 = VECTOR ( 'NONE', #1131, 1000.000000000000227 ) ;
#1407 = CARTESIAN_POINT ( 'NONE',  ( 0.000000000000000000, -5.000000000000044409, 19.99999999999995381 ) ) ;
#1408 = EDGE_CURVE ( 'NONE', #341, #626, #1494, .T. ) ;
#1409 = CARTESIAN_POINT ( 'NONE',  ( 32.54700538379252350, -5.000000000000026645, 14.99999999999999289 ) ) ;
#1410 = DIRECTION ( 'NONE',  ( 1.000000000000000000, 0.000000000000000000, 0.000000000000000000 ) ) ;
#1411 = EDGE_CURVE ( 'NONE', #1321, #1949, #2010, .T. ) ;
#1412 = ORIENTED_EDGE ( 'NONE', *, *, #2045, .T. ) ;
#1413 = VERTEX_POINT ( 'NONE', #1168 ) ;
#1414 = AXIS2_PLACEMENT_3D ( 'NONE', #1083, #1570, #1053 ) ;
#1415 = EDGE_CURVE ( 'NONE', #2051, #1220, #576, .T. ) ;
#1416 = ORIENTED_EDGE ( 'NONE', *, *, #941, .F. ) ;
#1417 = DIRECTION ( 'NONE',  ( 1.000000000000000000, 0.000000000000000000, 0.000000000000000000 ) ) ;
#1418 = ORIENTED_EDGE ( 'NONE', *, *, #1568, .T. ) ;
#1419 = DIRECTION ( 'NONE',  ( 1.000000000000000000, 0.000000000000000000, 0.000000000000000000 ) ) ;
#1420 = DIRECTION ( 'NONE',  ( -1.000000000000000000, -0.000000000000000000, 0.000000000000000000 ) ) ;
#1421 = CARTESIAN_POINT ( 'NONE',  ( 86.54700538379250929, 14.99999999999996625, 17.00000000000002842 ) ) ;
#1422 = ORIENTED_EDGE ( 'NONE', *, *, #1089, .F. ) ;
#1423 = ADVANCED_FACE ( 'NONE', ( #1839 ), #383, .F. ) ;
#1424 = VERTEX_POINT ( 'NONE', #222 ) ;
#1425 = ADVANCED_FACE ( 'NONE', ( #869 ), #1515, .F. ) ;
#1426 = ORIENTED_EDGE ( 'NONE', *, *, #1907, .T. ) ;
#1427 = LINE ( 'NONE', #1278, #167 ) ;
#1428 = AXIS2_PLACEMENT_3D ( 'NONE', #713, #1351, #78 ) ;
#1429 = ORIENTED_EDGE ( 'NONE', *, *, #1922, .T. ) ;
#1430 = CARTESIAN_POINT ( 'NONE',  ( 72.54700538379250929, 15.00000000000001421, 3.000000000000025313 ) ) ;
#1431 = FACE_OUTER_BOUND ( 'NONE', #180, .T. ) ;
#1432 = EDGE_CURVE ( 'NONE', #1080, #1507, #1199, .T. ) ;
#1433 = DIRECTION ( 'NONE',  ( 0.000000000000000000, -1.000000000000000000, -3.491130995403230009E-15 ) ) ;
#1434 = ORIENTED_EDGE ( 'NONE', *, *, #1520, .F. ) ;
#1435 = ORIENTED_EDGE ( 'NONE', *, *, #1893, .F. ) ;
#1436 = CARTESIAN_POINT ( 'NONE',  ( 37.04145188432737967, 14.99999999999996980, 16.00000000000002842 ) ) ;
#1437 = EDGE_LOOP ( 'NONE', ( #90, #694, #1159, #1362 ) ) ;
#1438 = EDGE_CURVE ( 'NONE', #991, #2015, #1328, .T. ) ;
#1439 = CIRCLE ( 'NONE', #2020, 2.000000000000001776 ) ;
#1440 = EDGE_LOOP ( 'NONE', ( #1897, #2088, #2016, #103 ) ) ;
#1441 = VECTOR ( 'NONE', #1852, 1000.000000000000000 ) ;
#1442 = CARTESIAN_POINT ( 'NONE',  ( 120.0000000000000000, -4.999999999999975131, -4.380877463721056069E-14 ) ) ;
#1443 = VECTOR ( 'NONE', #781, 1000.000000000000000 ) ;
#1444 = DIRECTION ( 'NONE',  ( 0.000000000000000000, -1.000000000000000000, -3.469446951953520709E-15 ) ) ;
#1445 = VECTOR ( 'NONE', #522, 1000.000000000000227 ) ;
#1446 = CARTESIAN_POINT ( 'NONE',  ( 96.50555349946513672, -5.000000000000030198, 15.99999999999995204 ) ) ;
#1447 = AXIS2_PLACEMENT_3D ( 'NONE', #880, #67, #1650 ) ;
#1448 = VERTEX_POINT ( 'NONE', #1219 ) ;
#1449 = CARTESIAN_POINT ( 'NONE',  ( 54.50555349946513672, -4.999999999999988454, 3.999999999999953371 ) ) ;
#1450 = ORIENTED_EDGE ( 'NONE', *, *, #1084, .F. ) ;
#1451 = ORIENTED_EDGE ( 'NONE', *, *, #453, .T. ) ;
#1452 = FACE_OUTER_BOUND ( 'NONE', #1113, .T. ) ;
#1453 = AXIS2_PLACEMENT_3D ( 'NONE', #161, #1130, #1908 ) ;
#1454 = ADVANCED_FACE ( 'NONE', ( #1229 ), #919, .F. ) ;
#1455 = DIRECTION ( 'NONE',  ( 0.000000000000000000, 1.000000000000000000, 3.491481338843133355E-15 ) ) ;
#1456 = CYLINDRICAL_SURFACE ( 'NONE', #134, 2.000000000000001776 ) ;
#1457 = EDGE_CURVE ( 'NONE', #704, #942, #1092, .T. ) ;
#1458 = EDGE_CURVE ( 'NONE', #1569, #636, #750, .T. ) ;
#1459 = DIRECTION ( 'NONE',  ( 0.000000000000000000, -1.000000000000000000, -3.491481338843133355E-15 ) ) ;
#1460 = EDGE_LOOP ( 'NONE', ( #1230, #1169, #1627, #188 ) ) ;
#1461 = EDGE_CURVE ( 'NONE', #483, #474, #179, .T. ) ;
#1462 = LINE ( 'NONE', #827, #491 ) ;
#1463 = VERTEX_POINT ( 'NONE', #1925 ) ;
#1464 = ORIENTED_EDGE ( 'NONE', *, *, #1057, .T. ) ;
#1465 = CARTESIAN_POINT ( 'NONE',  ( 79.04145188432737257, 15.00000000000001243, 4.000000000000029310 ) ) ;
#1466 = CIRCLE ( 'NONE', #1872, 2.000000000000001776 ) ;
#1467 = DIRECTION ( 'NONE',  ( -0.4999999999999997224, -3.023711536277457389E-15, 0.8660254037844387076 ) ) ;
#1468 = CARTESIAN_POINT ( 'NONE',  ( 44.54700538379250929, 15.00000000000000888, 5.000000000000024869 ) ) ;
#1469 = VECTOR ( 'NONE', #624, 1000.000000000000000 ) ;
#1470 = EDGE_CURVE ( 'NONE', #1552, #1240, #568, .T. ) ;
#1471 = VECTOR ( 'NONE', #1064, 1000.000000000000000 ) ;
#1472 = CARTESIAN_POINT ( 'NONE',  ( 86.54700538379250929, -5.000000000000026645, 14.99999999999995737 ) ) ;
#1473 = ORIENTED_EDGE ( 'NONE', *, *, #1718, .T. ) ;
#1474 = CARTESIAN_POINT ( 'NONE',  ( 0.000000000000000000, 14.99999999999995559, 20.00000000000002487 ) ) ;
#1475 = EDGE_LOOP ( 'NONE', ( #1617, #671, #600, #110 ) ) ;
#1476 = VERTEX_POINT ( 'NONE', #1446 ) ;
#1477 = LINE ( 'NONE', #1997, #595 ) ;
#1478 = CARTESIAN_POINT ( 'NONE',  ( 65.04145188432737257, 14.99999999999996980, 16.00000000000002842 ) ) ;
#1479 = FACE_OUTER_BOUND ( 'NONE', #292, .T. ) ;
#1480 = EDGE_CURVE ( 'NONE', #477, #269, #960, .T. ) ;
#1481 = DIRECTION ( 'NONE',  ( -1.000000000000000000, 0.000000000000000000, 0.000000000000000000 ) ) ;
#1482 = FACE_OUTER_BOUND ( 'NONE', #1516, .T. ) ;
#1483 = AXIS2_PLACEMENT_3D ( 'NONE', #795, #1614, #839 ) ;
#1484 = DIRECTION ( 'NONE',  ( 0.000000000000000000, -1.000000000000000000, -3.491481338843133355E-15 ) ) ;
#1485 = VERTEX_POINT ( 'NONE', #296 ) ;
#1486 = EDGE_CURVE ( 'NONE', #553, #2004, #335, .T. ) ;
#1487 = ORIENTED_EDGE ( 'NONE', *, *, #822, .F. ) ;
#1488 = CARTESIAN_POINT ( 'NONE',  ( 58.54700538379251640, 14.99999999999996625, 17.00000000000002842 ) ) ;
#1489 = CARTESIAN_POINT ( 'NONE',  ( 58.54700538379251640, 14.99999999999997335, 15.00000000000002665 ) ) ;
#1490 = LINE ( 'NONE', #1023, #105 ) ;
#1491 = CARTESIAN_POINT ( 'NONE',  ( 72.54700538379250929, 15.00000000000000888, 5.000000000000024869 ) ) ;
#1492 = DIRECTION ( 'NONE',  ( 0.000000000000000000, -1.000000000000000000, -3.491481338843133355E-15 ) ) ;
#1493 = CARTESIAN_POINT ( 'NONE',  ( 0.000000000000000000, -4.999999999999975131, -4.380877463721056069E-14 ) ) ;
#1494 = LINE ( 'NONE', #1329, #1640 ) ;
#1495 = ORIENTED_EDGE ( 'NONE', *, *, #1992, .T. ) ;
#1496 = ORIENTED_EDGE ( 'NONE', *, *, #973, .T. ) ;
#1497 = ORIENTED_EDGE ( 'NONE', *, *, #340, .T. ) ;
#1498 = CARTESIAN_POINT ( 'NONE',  ( 32.54700538379252350, 14.99999999999997335, 14.99999999999999289 ) ) ;
#1499 = CARTESIAN_POINT ( 'NONE',  ( 100.5470053837925093, 15.00000000000000888, 5.000000000000024869 ) ) ;
#1500 = CARTESIAN_POINT ( 'NONE',  ( 109.9999999999998863, 5.000000000000024869, -8.893961248779228714E-15 ) ) ;
#1501 = VECTOR ( 'NONE', #1674, 1000.000000000000000 ) ;
#1502 = VECTOR ( 'NONE', #1963, 1000.000000000000000 ) ;
#1503 = DIRECTION ( 'NONE',  ( -1.000000000000000000, 0.000000000000000000, 0.000000000000000000 ) ) ;
#1504 = DIRECTION ( 'NONE',  ( 0.000000000000000000, -1.000000000000000000, -3.491481338843133355E-15 ) ) ;
#1505 = AXIS2_PLACEMENT_3D ( 'NONE', #1944, #1777, #969 ) ;
#1506 = CARTESIAN_POINT ( 'NONE',  ( 44.54700538379250929, -4.999999999999992006, 4.999999999999954703 ) ) ;
#1507 = VERTEX_POINT ( 'NONE', #6 ) ;
#1508 = EDGE_CURVE ( 'NONE', #1303, #1576, #1062, .T. ) ;
#1509 = VERTEX_POINT ( 'NONE', #1293 ) ;
#1510 = DIRECTION ( 'NONE',  ( 1.000000000000000000, 0.000000000000000000, 0.000000000000000000 ) ) ;
#1511 = CARTESIAN_POINT ( 'NONE',  ( 120.0000000000000000, -4.999999999999975131, -4.380877463721056069E-14 ) ) ;
#1512 = CARTESIAN_POINT ( 'NONE',  ( 9.041451884327381450, 14.99999999999996980, 16.00000000000002842 ) ) ;
#1513 = CARTESIAN_POINT ( 'NONE',  ( 73.26794919243113213, 14.99999999999997691, 14.00000000000002842 ) ) ;
#1514 = CARTESIAN_POINT ( 'NONE',  ( 44.54700538379250929, 15.00000000000000888, 5.000000000000024869 ) ) ;
#1515 = PLANE ( 'NONE',  #1428 ) ;
#1516 = EDGE_LOOP ( 'NONE', ( #1751, #1212, #970, #1284 ) ) ;
#1517 = ORIENTED_EDGE ( 'NONE', *, *, #556, .F. ) ;
#1518 = CARTESIAN_POINT ( 'NONE',  ( 19.00000000000000355, 14.99999999999997335, 15.00000000000002665 ) ) ;
#1519 = FACE_BOUND ( 'NONE', #1829, .T. ) ;
#1520 = EDGE_CURVE ( 'NONE', #942, #1748, #647, .T. ) ;
#1521 = AXIS2_PLACEMENT_3D ( 'NONE', #478, #978, #1621 ) ;
#1522 = DIRECTION ( 'NONE',  ( 0.000000000000000000, -3.491481338843133355E-15, 1.000000000000000000 ) ) ;
#1523 = CYLINDRICAL_SURFACE ( 'NONE', #1915, 2.000000000000001776 ) ;
#1524 = DIRECTION ( 'NONE',  ( 0.000000000000000000, -1.000000000000000000, -3.491481338843133355E-15 ) ) ;
#1525 = PERSON_AND_ORGANIZATION ( #544, #1304 ) ;
#1526 = AXIS2_PLACEMENT_3D ( 'NONE', #932, #113, #589 ) ;
#1527 = EDGE_CURVE ( 'NONE', #1019, #1071, #480, .T. ) ;
#1528 = DIRECTION ( 'NONE',  ( 0.000000000000000000, -3.491481338843133355E-15, 1.000000000000000000 ) ) ;
#1529 = ORIENTED_EDGE ( 'NONE', *, *, #1720, .T. ) ;
#1530 = VERTEX_POINT ( 'NONE', #979 ) ;
#1531 = CARTESIAN_POINT ( 'NONE',  ( 74.54700538379250929, -4.999999999999992006, 4.999999999999990230 ) ) ;
#1532 = CARTESIAN_POINT ( 'NONE',  ( 89.00000000000000000, 15.00000000000001421, 3.000000000000025313 ) ) ;
#1533 = DIRECTION ( 'NONE',  ( -0.5000000000000002220, 3.023711536277456600E-15, -0.8660254037844384856 ) ) ;
#1534 = EDGE_CURVE ( 'NONE', #1698, #1606, #1874, .T. ) ;
#1535 = SECURITY_CLASSIFICATION_LEVEL ( 'unclassified' ) ;
#1536 = ADVANCED_FACE ( 'NONE', ( #501 ), #1125, .F. ) ;
#1537 = DIRECTION ( 'NONE',  ( -1.000000000000000000, 0.000000000000000000, 0.000000000000000000 ) ) ;
#1538 = EDGE_LOOP ( 'NONE', ( #36, #796, #160, #439, #205, #1145, #529 ) ) ;
#1539 = CIRCLE ( 'NONE', #1156, 2.000000000000001776 ) ;
#1540 = CIRCLE ( 'NONE', #118, 2.000000000000001776 ) ;
#1541 = ORIENTED_EDGE ( 'NONE', *, *, #1066, .T. ) ;
#1542 = ORIENTED_EDGE ( 'NONE', *, *, #204, .F. ) ;
#1543 = DIRECTION ( 'NONE',  ( 0.000000000000000000, -1.000000000000000000, -3.491481338843133355E-15 ) ) ;
#1544 = AXIS2_PLACEMENT_3D ( 'NONE', #455, #584, #1210 ) ;
#1545 = DIRECTION ( 'NONE',  ( -0.000000000000000000, 1.000000000000000000, 3.491481338843133355E-15 ) ) ;
#1546 = LINE ( 'NONE', #1887, #1029 ) ;
#1547 = LINE ( 'NONE', #435, #436 ) ;
#1548 = PERSON_AND_ORGANIZATION_ROLE ( 'creator' ) ;
#1549 = DIRECTION ( 'NONE',  ( 0.000000000000000000, 1.000000000000000000, 3.491481338843133355E-15 ) ) ;
#1550 = ORIENTED_EDGE ( 'NONE', *, *, #2045, .F. ) ;
#1551 = ADVANCED_FACE ( 'NONE', ( #164 ), #1756, .F. ) ;
#1552 = VERTEX_POINT ( 'NONE', #2081 ) ;
#1553 = EDGE_CURVE ( 'NONE', #329, #1909, #1539, .T. ) ;
#1554 = ORIENTED_EDGE ( 'NONE', *, *, #2048, .T. ) ;
#1555 = DIRECTION ( 'NONE',  ( 0.000000000000000000, -1.000000000000000000, -3.491481338843133355E-15 ) ) ;
#1556 = EDGE_CURVE ( 'NONE', #1220, #145, #531, .T. ) ;
#1557 = CARTESIAN_POINT ( 'NONE',  ( 102.2790561913613772, -4.999999999999995559, 5.999999999999947597 ) ) ;
#1558 = DIRECTION ( 'NONE',  ( 0.8660254037844388186, -1.745740669421565889E-15, 0.4999999999999997780 ) ) ;
#1559 = MECHANICAL_CONTEXT ( 'NONE', #1382, 'mechanical' ) ;
#1560 = ORIENTED_EDGE ( 'NONE', *, *, #1480, .T. ) ;
#1561 = ORIENTED_EDGE ( 'NONE', *, *, #1375, .F. ) ;
#1562 = LINE ( 'NONE', #92, #913 ) ;
#1563 = CARTESIAN_POINT ( 'NONE',  ( 120.0000000000000000, 14.99999999999995559, 20.00000000000002487 ) ) ;
#1564 = PERSON_AND_ORGANIZATION ( #544, #1304 ) ;
#1565 = EDGE_LOOP ( 'NONE', ( #1866, #1487, #1213, #738 ) ) ;
#1566 = EDGE_LOOP ( 'NONE', ( #336, #793, #489, #930 ) ) ;
#1567 = VECTOR ( 'NONE', #591, 1000.000000000000114 ) ;
#1568 = EDGE_CURVE ( 'NONE', #314, #1972, #1746, .T. ) ;
#1569 = VERTEX_POINT ( 'NONE', #947 ) ;
#1570 = DIRECTION ( 'NONE',  ( 0.8660254037844390407, -1.745740669421564114E-15, 0.4999999999999993339 ) ) ;
#1571 = EDGE_CURVE ( 'NONE', #112, #310, #959, .T. ) ;
#1572 = ADVANCED_FACE ( 'NONE', ( #512 ), #135, .F. ) ;
#1573 = DIRECTION ( 'NONE',  ( 0.000000000000000000, -1.000000000000000000, -3.491481338843133355E-15 ) ) ;
#1574 = CARTESIAN_POINT ( 'NONE',  ( 61.00000000000000000, -4.999999999999985789, 2.999999999999955591 ) ) ;
#1575 = UNCERTAINTY_MEASURE_WITH_UNIT (LENGTH_MEASURE( 1.000000000000000082E-05 ), #744, 'distance_accuracy_value', 'NONE');
#1576 = VERTEX_POINT ( 'NONE', #1591 ) ;
#1577 = ORIENTED_EDGE ( 'NONE', *, *, #35, .T. ) ;
#1578 = DIRECTION ( 'NONE',  ( 0.000000000000000000, -1.000000000000000000, -3.491481338843133355E-15 ) ) ;
#1579 = VECTOR ( 'NONE', #1011, 1000.000000000000000 ) ;
#1580 = CARTESIAN_POINT ( 'NONE',  ( 30.54700538379251995, -5.000000000000033751, 16.99999999999996092 ) ) ;
#1581 = DIRECTION ( 'NONE',  ( 0.000000000000000000, -1.000000000000000000, -3.491481338843133355E-15 ) ) ;
#1582 = DIRECTION ( 'NONE',  ( 0.000000000000000000, -1.000000000000000000, -3.491481338843133355E-15 ) ) ;
#1583 = ORIENTED_EDGE ( 'NONE', *, *, #1305, .F. ) ;
#1584 = VECTOR ( 'NONE', #52, 1000.000000000000000 ) ;
#1585 = CIRCLE ( 'NONE', #1081, 2.000000000000001776 ) ;
#1586 = CC_DESIGN_PERSON_AND_ORGANIZATION_ASSIGNMENT ( #749, #258, ( #506 ) ) ;
#1587 = VERTEX_POINT ( 'NONE', #144 ) ;
#1588 = LINE ( 'NONE', #1442, #813 ) ;
#1589 = ORIENTED_EDGE ( 'NONE', *, *, #389, .T. ) ;
#1590 = DIRECTION ( 'NONE',  ( 0.000000000000000000, -1.000000000000000000, -3.491481338843133355E-15 ) ) ;
#1591 = CARTESIAN_POINT ( 'NONE',  ( 37.04145188432737967, -5.000000000000030198, 15.99999999999995914 ) ) ;
#1592 = EDGE_LOOP ( 'NONE', ( #920, #47, #351, #1589 ) ) ;
#1593 = ORIENTED_EDGE ( 'NONE', *, *, #912, .F. ) ;
#1594 = DIRECTION ( 'NONE',  ( 0.000000000000000000, -1.000000000000000000, -3.491481338843133355E-15 ) ) ;
#1595 = EDGE_LOOP ( 'NONE', ( #1272, #555, #630, #1642 ) ) ;
#1596 = ORIENTED_EDGE ( 'NONE', *, *, #1921, .F. ) ;
#1597 = FACE_OUTER_BOUND ( 'NONE', #1604, .T. ) ;
#1598 = AXIS2_PLACEMENT_3D ( 'NONE', #31, #1647, #1346 ) ;
#1599 = DIRECTION ( 'NONE',  ( 0.000000000000000000, -1.000000000000000000, -3.491481338843133355E-15 ) ) ;
#1600 = CARTESIAN_POINT ( 'NONE',  ( 38.77350269189625465, -5.000000000000026645, 14.99999999999995737 ) ) ;
#1601 = CYLINDRICAL_SURFACE ( 'NONE', #801, 1.999999999999994893 ) ;
#1602 = EDGE_CURVE ( 'NONE', #1552, #277, #792, .T. ) ;
#1603 = DIRECTION ( 'NONE',  ( -1.000000000000000000, 0.000000000000000000, 0.000000000000000000 ) ) ;
#1604 = EDGE_LOOP ( 'NONE', ( #12, #1069, #68, #317 ) ) ;
#1605 = CIRCLE ( 'NONE', #604, 2.000000000000001776 ) ;
#1606 = VERTEX_POINT ( 'NONE', #699 ) ;
#1607 = AXIS2_PLACEMENT_3D ( 'NONE', #1055, #1889, #1706 ) ;
#1608 = DIRECTION ( 'NONE',  ( 0.000000000000000000, 1.000000000000000000, 3.491481338843133355E-15 ) ) ;
#1609 = DIRECTION ( 'NONE',  ( 0.000000000000000000, -1.000000000000000000, -3.491481338843133355E-15 ) ) ;
#1610 = CARTESIAN_POINT ( 'NONE',  ( 44.54700538379250929, 15.00000000000001421, 3.000000000000025313 ) ) ;
#1611 = EDGE_CURVE ( 'NONE', #1242, #399, #1730, .T. ) ;
#1612 = CARTESIAN_POINT ( 'NONE',  ( 75.00000000000000000, 14.99999999999997335, 15.00000000000002665 ) ) ;
#1613 = ORIENTED_EDGE ( 'NONE', *, *, #1461, .T. ) ;
#1614 = DIRECTION ( 'NONE',  ( 0.8660254037844387076, 1.745740669421566875E-15, -0.5000000000000001110 ) ) ;
#1615 = ORIENTED_EDGE ( 'NONE', *, *, #905, .T. ) ;
#1616 = AXIS2_PLACEMENT_3D ( 'NONE', #1512, #379, #390 ) ;
#1617 = ORIENTED_EDGE ( 'NONE', *, *, #270, .T. ) ;
#1618 = CARTESIAN_POINT ( 'NONE',  ( 33.00000000000000000, -4.999999999999992006, 4.999999999999954703 ) ) ;
#1619 = AXIS2_PLACEMENT_3D ( 'NONE', #330, #975, #1919 ) ;
#1620 = CARTESIAN_POINT ( 'NONE',  ( 46.27905619136139848, -4.999999999999995559, 5.999999999999953815 ) ) ;
#1621 = DIRECTION ( 'NONE',  ( -1.000000000000000000, 0.000000000000000000, 0.000000000000000000 ) ) ;
#1622 = DIRECTION ( 'NONE',  ( -1.000000000000000000, 0.000000000000000000, 0.000000000000000000 ) ) ;
#1623 = EDGE_LOOP ( 'NONE', ( #297, #728, #794, #818 ) ) ;
#1624 = EDGE_CURVE ( 'NONE', #1748, #112, #1803, .T. ) ;
#1625 = CARTESIAN_POINT ( 'NONE',  ( 109.9999999999998863, 5.000000000000024869, -8.893961248779228714E-15 ) ) ;
#1626 = EDGE_LOOP ( 'NONE', ( #852, #1037, #327, #840 ) ) ;
#1627 = ORIENTED_EDGE ( 'NONE', *, *, #1842, .F. ) ;
#1628 = DIRECTION ( 'NONE',  ( 0.000000000000000000, -3.491481338843133355E-15, 1.000000000000000000 ) ) ;
#1629 = VECTOR ( 'NONE', #1663, 1000.000000000000000 ) ;
#1630 = EDGE_CURVE ( 'NONE', #1424, #1576, #1658, .T. ) ;
#1631 = CARTESIAN_POINT ( 'NONE',  ( 100.5470053837925093, -4.999999999999985789, 2.999999999999955591 ) ) ;
#1632 = CARTESIAN_POINT ( 'NONE',  ( 38.77350269189625465, 14.99999999999997335, 15.00000000000002665 ) ) ;
#1633 = AXIS2_PLACEMENT_3D ( 'NONE', #1154, #219, #837 ) ;
#1634 = EDGE_CURVE ( 'NONE', #1390, #387, #1700, .T. ) ;
#1635 = VECTOR ( 'NONE', #1094, 1000.000000000000227 ) ;
#1636 = PLANE ( 'NONE',  #898 ) ;
#1637 = ADVANCED_FACE ( 'NONE', ( #536 ), #1636, .F. ) ;
#1638 = CARTESIAN_POINT ( 'NONE',  ( 109.9999999999998863, 2.499999999999957367, -1.762266459588729718E-14 ) ) ;
#1639 = MANIFOLD_SOLID_BREP ( 'Body-Move/Copy1', #1948 ) ;
#1640 = VECTOR ( 'NONE', #1981, 1000.000000000000000 ) ;
#1641 = ORIENTED_EDGE ( 'NONE', *, *, #703, .F. ) ;
#1642 = ORIENTED_EDGE ( 'NONE', *, *, #1415, .T. ) ;
#1643 = DIRECTION ( 'NONE',  ( 0.000000000000000000, 3.491481338843133355E-15, -1.000000000000000000 ) ) ;
#1644 = VECTOR ( 'NONE', #1359, 1000.000000000000000 ) ;
#1645 = FACE_OUTER_BOUND ( 'NONE', #640, .T. ) ;
#1646 = DIRECTION ( 'NONE',  ( -1.000000000000000000, -0.000000000000000000, 0.000000000000000000 ) ) ;
#1647 = DIRECTION ( 'NONE',  ( 0.000000000000000000, -1.000000000000000000, -3.491481338843133355E-15 ) ) ;
#1648 = DIRECTION ( 'NONE',  ( 1.000000000000000000, 0.000000000000000000, 0.000000000000000000 ) ) ;
#1649 =( GEOMETRIC_REPRESENTATION_CONTEXT ( 3 ) GLOBAL_UNCERTAINTY_ASSIGNED_CONTEXT ( ( #1575 ) ) GLOBAL_UNIT_ASSIGNED_CONTEXT ( ( #744, #2028, #420 ) ) REPRESENTATION_CONTEXT ( 'NONE', 'WORKASPACE' ) );
#1650 = DIRECTION ( 'NONE',  ( -1.000000000000000000, 0.000000000000000000, 0.000000000000000000 ) ) ;
#1651 = ADVANCED_FACE ( 'NONE', ( #1334 ), #1800, .F. ) ;
#1652 = EDGE_LOOP ( 'NONE', ( #1464, #889 ) ) ;
#1653 = ORIENTED_EDGE ( 'NONE', *, *, #204, .T. ) ;
#1654 = CARTESIAN_POINT ( 'NONE',  ( 65.04145188432737257, 14.99999999999996980, 16.00000000000002842 ) ) ;
#1655 = PRODUCT_DEFINITION ( 'UNKNOWN', '', #506, #625 ) ;
#1656 = LINE ( 'NONE', #1931, #1237 ) ;
#1657 = CARTESIAN_POINT ( 'NONE',  ( 80.77350269189625465, 15.00000000000000888, 5.000000000000025757 ) ) ;
#1658 = LINE ( 'NONE', #990, #833 ) ;
#1659 = CARTESIAN_POINT ( 'NONE',  ( 30.54700538379251995, -5.000000000000026645, 14.99999999999995737 ) ) ;
#1660 = DIRECTION ( 'NONE',  ( 1.000000000000000000, 0.000000000000000000, 0.000000000000000000 ) ) ;
#1661 = ORIENTED_EDGE ( 'NONE', *, *, #1349, .F. ) ;
#1662 = ORIENTED_EDGE ( 'NONE', *, *, #1888, .F. ) ;
#1663 = DIRECTION ( 'NONE',  ( 0.000000000000000000, -1.000000000000000000, -3.491481338843133355E-15 ) ) ;
#1664 = DIRECTION ( 'NONE',  ( 0.000000000000000000, -3.491481338843133355E-15, 1.000000000000000000 ) ) ;
#1665 = ADVANCED_FACE ( 'NONE', ( #369 ), #187, .F. ) ;
#1666 = FACE_OUTER_BOUND ( 'NONE', #1717, .T. ) ;
#1667 = PLANE ( 'NONE',  #1740 ) ;
#1668 = FACE_OUTER_BOUND ( 'NONE', #609, .T. ) ;
#1669 = VECTOR ( 'NONE', #153, 1000.000000000000000 ) ;
#1670 = DIRECTION ( 'NONE',  ( -0.4999999999999993339, -3.023711536277458572E-15, 0.8660254037844390407 ) ) ;
#1671 = ORIENTED_EDGE ( 'NONE', *, *, #101, .T. ) ;
#1672 = ORIENTED_EDGE ( 'NONE', *, *, #1857, .T. ) ;
#1673 = ADVANCED_FACE ( 'NONE', ( #1325, #1666 ), #64, .F. ) ;
#1674 = DIRECTION ( 'NONE',  ( 0.000000000000000000, -1.000000000000000000, -3.491481338843133355E-15 ) ) ;
#1675 = CARTESIAN_POINT ( 'NONE',  ( 44.54700538379250929, 15.00000000000000888, 5.000000000000024869 ) ) ;
#1676 = DIRECTION ( 'NONE',  ( 1.000000000000000000, 0.000000000000000000, 0.000000000000000000 ) ) ;
#1677 = CARTESIAN_POINT ( 'NONE',  ( 93.04145188432737257, 14.99999999999996980, 16.00000000000002842 ) ) ;
#1678 = CALENDAR_DATE ( 2026, 4, 8 ) ;
#1679 = CARTESIAN_POINT ( 'NONE',  ( 31.26794919243112147, 15.00000000000000533, 6.000000000000023981 ) ) ;
#1680 = ORIENTED_EDGE ( 'NONE', *, *, #1851, .T. ) ;
#1681 = VECTOR ( 'NONE', #1786, 1000.000000000000000 ) ;
#1682 = ORIENTED_EDGE ( 'NONE', *, *, #385, .F. ) ;
#1683 = CYLINDRICAL_SURFACE ( 'NONE', #1049, 2.000000000000001776 ) ;
#1684 = CARTESIAN_POINT ( 'NONE',  ( 32.27905619136139848, 14.99999999999997691, 14.00000000000002842 ) ) ;
#1685 = CARTESIAN_POINT ( 'NONE',  ( 44.54700538379250929, -4.999999999999985789, 2.999999999999955591 ) ) ;
#1686 = APPROVAL_ROLE ( '' ) ;
#1687 = AXIS2_PLACEMENT_3D ( 'NONE', #1381, #914, #412 ) ;
#1688 = EDGE_CURVE ( 'NONE', #2051, #1080, #286, .T. ) ;
#1689 = FACE_OUTER_BOUND ( 'NONE', #409, .T. ) ;
#1690 = ORIENTED_EDGE ( 'NONE', *, *, #331, .T. ) ;
#1691 = ORIENTED_EDGE ( 'NONE', *, *, #730, .T. ) ;
#1692 = PLANE ( 'NONE',  #1414 ) ;
#1693 = CARTESIAN_POINT ( 'NONE',  ( 73.26794919243113213, -5.000000000000023093, 13.99999999999995914 ) ) ;
#1694 = CARTESIAN_POINT ( 'NONE',  ( 61.00000000000000000, 15.00000000000000888, 5.000000000000024869 ) ) ;
#1695 = CARTESIAN_POINT ( 'NONE',  ( 120.0000000000000000, -4.999999999999975131, -4.380877463721056069E-14 ) ) ;
#1696 = APPROVAL_STATUS ( 'not_yet_approved' ) ;
#1697 = AXIS2_PLACEMENT_3D ( 'NONE', #1820, #49, #216 ) ;
#1698 = VERTEX_POINT ( 'NONE', #73 ) ;
#1699 = EDGE_CURVE ( 'NONE', #1806, #1509, #1903, .T. ) ;
#1700 = CIRCLE ( 'NONE', #454, 2.500000000000067502 ) ;
#1701 = VERTEX_POINT ( 'NONE', #710 ) ;
#1702 = CYLINDRICAL_SURFACE ( 'NONE', #2052, 1.999999999999998224 ) ;
#1703 = DIRECTION ( 'NONE',  ( 0.000000000000000000, -1.000000000000000000, -3.491481338843133355E-15 ) ) ;
#1704 = CARTESIAN_POINT ( 'NONE',  ( 9.041451884327381450, 14.99999999999996980, 16.00000000000002842 ) ) ;
#1705 = DIRECTION ( 'NONE',  ( 1.000000000000000000, 0.000000000000000000, 0.000000000000000000 ) ) ;
#1706 = DIRECTION ( 'NONE',  ( 1.000000000000000000, 0.000000000000000000, 0.000000000000000000 ) ) ;
#1707 = APPROVAL_STATUS ( 'not_yet_approved' ) ;
#1708 = CIRCLE ( 'NONE', #1986, 2.000000000000001776 ) ;
#1709 = ORIENTED_EDGE ( 'NONE', *, *, #1508, .F. ) ;
#1710 = ORIENTED_EDGE ( 'NONE', *, *, #1013, .F. ) ;
#1711 = CYLINDRICAL_SURFACE ( 'NONE', #2063, 2.000000000000001776 ) ;
#1712 = PRODUCT_RELATED_PRODUCT_CATEGORY ( 'detail', '', ( #1939 ) ) ;
#1713 = LINE ( 'NONE', #755, #87 ) ;
#1714 = DIRECTION ( 'NONE',  ( 0.000000000000000000, -1.000000000000000000, -3.491481338843133355E-15 ) ) ;
#1715 = CARTESIAN_POINT ( 'NONE',  ( 45.26794919243112503, 14.99999999999997691, 14.00000000000002842 ) ) ;
#1716 = CIRCLE ( 'NONE', #442, 2.000000000000001776 ) ;
#1717 = EDGE_LOOP ( 'NONE', ( #1403, #1416, #1783, #1691 ) ) ;
#1718 = EDGE_CURVE ( 'NONE', #714, #1111, #575, .T. ) ;
#1719 = ORIENTED_EDGE ( 'NONE', *, *, #2060, .T. ) ;
#1720 = EDGE_CURVE ( 'NONE', #651, #1873, #1316, .T. ) ;
#1721 = ORIENTED_EDGE ( 'NONE', *, *, #1987, .F. ) ;
#1722 = LINE ( 'NONE', #261, #1350 ) ;
#1723 = DIRECTION ( 'NONE',  ( 0.000000000000000000, -1.000000000000000000, -3.491130995403230009E-15 ) ) ;
#1724 = LINE ( 'NONE', #2056, #767 ) ;
#1725 = LINE ( 'NONE', #125, #1882 ) ;
#1726 = EDGE_CURVE ( 'NONE', #131, #10, #1184, .T. ) ;
#1727 = ORIENTED_EDGE ( 'NONE', *, *, #656, .F. ) ;
#1728 = AXIS2_PLACEMENT_3D ( 'NONE', #695, #1643, #557 ) ;
#1729 = ORIENTED_EDGE ( 'NONE', *, *, #1228, .F. ) ;
#1730 = CIRCLE ( 'NONE', #2075, 2.000000000000001776 ) ;
#1731 = CIRCLE ( 'NONE', #1365, 2.500000000000067502 ) ;
#1732 = ADVANCED_FACE ( 'NONE', ( #232 ), #876, .F. ) ;
#1733 = ORIENTED_EDGE ( 'NONE', *, *, #185, .T. ) ;
#1734 = FACE_BOUND ( 'NONE', #1007, .T. ) ;
#1735 = VERTEX_POINT ( 'NONE', #1357 ) ;
#1736 = AXIS2_PLACEMENT_3D ( 'NONE', #109, #616, #1537 ) ;
#1737 = CARTESIAN_POINT ( 'NONE',  ( 73.26794919243113213, 14.99999999999997691, 14.00000000000002842 ) ) ;
#1738 = DIRECTION ( 'NONE',  ( 1.000000000000000000, 0.000000000000000000, 0.000000000000000000 ) ) ;
#1739 = ORIENTED_EDGE ( 'NONE', *, *, #715, .T. ) ;
#1740 = AXIS2_PLACEMENT_3D ( 'NONE', #1198, #1177, #1825 ) ;
#1741 = ADVANCED_FACE ( 'NONE', ( #2008 ), #196, .F. ) ;
#1742 = ORIENTED_EDGE ( 'NONE', *, *, #1314, .F. ) ;
#1743 = VERTEX_POINT ( 'NONE', #254 ) ;
#1744 = DIRECTION ( 'NONE',  ( -1.000000000000000000, 0.000000000000000000, 0.000000000000000000 ) ) ;
#1745 = LINE ( 'NONE', #303, #2059 ) ;
#1746 = LINE ( 'NONE', #174, #1469 ) ;
#1747 = EDGE_LOOP ( 'NONE', ( #1294, #169, #384, #266 ) ) ;
#1748 = VERTEX_POINT ( 'NONE', #273 ) ;
#1749 = DIRECTION ( 'NONE',  ( -0.4999999999999997224, 3.023711536277457389E-15, -0.8660254037844387076 ) ) ;
#1750 = VERTEX_POINT ( 'NONE', #1684 ) ;
#1751 = ORIENTED_EDGE ( 'NONE', *, *, #1061, .T. ) ;
#1752 = DIRECTION ( 'NONE',  ( 1.000000000000000000, 0.000000000000000000, 0.000000000000000000 ) ) ;
#1753 = ORIENTED_EDGE ( 'NONE', *, *, #641, .F. ) ;
#1754 = CARTESIAN_POINT ( 'NONE',  ( 0.000000000000000000, -5.000000000000044409, 19.99999999999995381 ) ) ;
#1755 = CARTESIAN_POINT ( 'NONE',  ( 16.54700538379251995, 15.00000000000000888, 5.000000000000024869 ) ) ;
#1756 = PLANE ( 'NONE',  #623 ) ;
#1757 = DIRECTION ( 'NONE',  ( 0.000000000000000000, -1.000000000000000000, -3.491481338843133355E-15 ) ) ;
#1758 = EDGE_CURVE ( 'NONE', #418, #1961, #2014, .T. ) ;
#1759 = CARTESIAN_POINT ( 'NONE',  ( 74.99999999999998579, -5.000000000000033751, 16.99999999999996092 ) ) ;
#1760 = EDGE_CURVE ( 'NONE', #1735, #903, #1367, .T. ) ;
#1761 = EDGE_CURVE ( 'NONE', #642, #1587, #391, .T. ) ;
#1762 = EDGE_LOOP ( 'NONE', ( #542, #997, #1947, #974 ) ) ;
#1763 = DIRECTION ( 'NONE',  ( 0.000000000000000000, -1.000000000000000000, -3.491481338843133355E-15 ) ) ;
#1764 = VECTOR ( 'NONE', #552, 1000.000000000000000 ) ;
#1765 = CARTESIAN_POINT ( 'NONE',  ( 89.00000000000000000, -4.999999999999985789, 2.999999999999955591 ) ) ;
#1766 = DIRECTION ( 'NONE',  ( 0.000000000000000000, -3.491481338843133750E-15, 1.000000000000000000 ) ) ;
#1767 = DIRECTION ( 'NONE',  ( -1.000000000000000000, 0.000000000000000000, 0.000000000000000000 ) ) ;
#1768 = VERTEX_POINT ( 'NONE', #1400 ) ;
#1769 = LINE ( 'NONE', #982, #1189 ) ;
#1770 = EDGE_LOOP ( 'NONE', ( #577, #1139, #807, #1320 ) ) ;
#1771 = VECTOR ( 'NONE', #1533, 1000.000000000000227 ) ;
#1772 = ORIENTED_EDGE ( 'NONE', *, *, #578, .F. ) ;
#1773 = CARTESIAN_POINT ( 'NONE',  ( 93.04145188432737257, 14.99999999999996980, 16.00000000000002842 ) ) ;
#1774 = FACE_OUTER_BOUND ( 'NONE', #69, .T. ) ;
#1775 = CARTESIAN_POINT ( 'NONE',  ( 73.26794919243113213, 14.99999999999997691, 14.00000000000002842 ) ) ;
#1776 = CIRCLE ( 'NONE', #30, 2.000000000000001776 ) ;
#1777 = DIRECTION ( 'NONE',  ( 0.000000000000000000, -1.000000000000000000, -3.491481338843133355E-15 ) ) ;
#1778 = ORIENTED_EDGE ( 'NONE', *, *, #1630, .T. ) ;
#1779 = PLANE ( 'NONE',  #2090 ) ;
#1780 = VERTEX_POINT ( 'NONE', #95 ) ;
#1781 = EDGE_CURVE ( 'NONE', #1750, #175, #1879, .T. ) ;
#1782 = CIRCLE ( 'NONE', #1279, 2.500000000000067502 ) ;
#1783 = ORIENTED_EDGE ( 'NONE', *, *, #1922, .F. ) ;
#1784 = LINE ( 'NONE', #301, #778 ) ;
#1785 = CIRCLE ( 'NONE', #1891, 2.000000000000001776 ) ;
#1786 = DIRECTION ( 'NONE',  ( 0.000000000000000000, -1.000000000000000000, -3.491481338843133355E-15 ) ) ;
#1787 = EDGE_CURVE ( 'NONE', #1150, #1840, #1713, .T. ) ;
#1788 = DIRECTION ( 'NONE',  ( 0.4999999999999993339, 3.023711536277458572E-15, -0.8660254037844390407 ) ) ;
#1789 = DIRECTION ( 'NONE',  ( 0.000000000000000000, -1.000000000000000000, -3.491481338843133355E-15 ) ) ;
#1790 = VERTEX_POINT ( 'NONE', #245 ) ;
#1791 = DIRECTION ( 'NONE',  ( 0.000000000000000000, -3.491481338843133355E-15, 1.000000000000000000 ) ) ;
#1792 = ORIENTED_EDGE ( 'NONE', *, *, #400, .F. ) ;
#1793 = EDGE_LOOP ( 'NONE', ( #23, #909, #1180, #517 ) ) ;
#1794 = CARTESIAN_POINT ( 'NONE',  ( 44.54700538379250929, 15.00000000000000888, 5.000000000000024869 ) ) ;
#1795 = CIRCLE ( 'NONE', #1902, 2.000000000000001776 ) ;
#1796 = DIRECTION ( 'NONE',  ( 1.000000000000000000, 0.000000000000000000, 0.000000000000000000 ) ) ;
#1797 = CARTESIAN_POINT ( 'NONE',  ( 33.00000000000000000, 15.00000000000001421, 3.000000000000025313 ) ) ;
#1798 = AXIS2_PLACEMENT_3D ( 'NONE', #1421, #2072, #1258 ) ;
#1799 = EDGE_CURVE ( 'NONE', #1701, #306, #829, .T. ) ;
#1800 = PLANE ( 'NONE',  #425 ) ;
#1801 = LINE ( 'NONE', #234, #902 ) ;
#1802 = CARTESIAN_POINT ( 'NONE',  ( 46.54700538379251640, 15.00000000000000888, 5.000000000000024869 ) ) ;
#1803 = CIRCLE ( 'NONE', #1364, 2.000000000000001776 ) ;
#1804 = VERTEX_POINT ( 'NONE', #895 ) ;
#1805 = EDGE_CURVE ( 'NONE', #1111, #2024, #581, .T. ) ;
#1806 = VERTEX_POINT ( 'NONE', #1369 ) ;
#1807 = ORIENTED_EDGE ( 'NONE', *, *, #1831, .F. ) ;
#1808 = CARTESIAN_POINT ( 'NONE',  ( 33.00000000000000000, 15.00000000000001421, 3.000000000000025313 ) ) ;
#1809 = CIRCLE ( 'NONE', #157, 2.000000000000001776 ) ;
#1810 = DIRECTION ( 'NONE',  ( -1.000000000000000000, 0.000000000000000000, 0.000000000000000000 ) ) ;
#1811 = DIRECTION ( 'NONE',  ( 1.000000000000000000, 0.000000000000000000, 0.000000000000000000 ) ) ;
#1812 = EDGE_CURVE ( 'NONE', #1587, #1242, #2031, .T. ) ;
#1813 = DIRECTION ( 'NONE',  ( -0.8660254037844388186, -1.745740669421565889E-15, 0.4999999999999997780 ) ) ;
#1814 = DIRECTION ( 'NONE',  ( 0.000000000000000000, -1.000000000000000000, -3.491481338843133355E-15 ) ) ;
#1815 = AXIS2_PLACEMENT_3D ( 'NONE', #811, #1941, #1796 ) ;
#1816 = LINE ( 'NONE', #212, #873 ) ;
#1817 = ORIENTED_EDGE ( 'NONE', *, *, #1805, .T. ) ;
#1818 = EDGE_CURVE ( 'NONE', #1961, #1804, #106, .T. ) ;
#1819 = VERTEX_POINT ( 'NONE', #1407 ) ;
#1820 = CARTESIAN_POINT ( 'NONE',  ( 94.77350269189624044, 14.99999999999997335, 15.00000000000002665 ) ) ;
#1821 = VECTOR ( 'NONE', #904, 1000.000000000000000 ) ;
#1822 = VECTOR ( 'NONE', #1545, 1000.000000000000000 ) ;
#1823 = DIRECTION ( 'NONE',  ( -1.000000000000000000, 0.000000000000000000, 0.000000000000000000 ) ) ;
#1824 = CARTESIAN_POINT ( 'NONE',  ( 58.54700538379251640, 14.99999999999997335, 15.00000000000002665 ) ) ;
#1825 = DIRECTION ( 'NONE',  ( 0.4999999999999995004, 3.023711536277458178E-15, -0.8660254037844389297 ) ) ;
#1826 = CARTESIAN_POINT ( 'NONE',  ( 52.77350269189625465, 15.00000000000000888, 5.000000000000025757 ) ) ;
#1827 = EDGE_CURVE ( 'NONE', #884, #1918, #1093, .T. ) ;
#1828 = CARTESIAN_POINT ( 'NONE',  ( 54.50555349946513672, 15.00000000000001243, 4.000000000000023093 ) ) ;
#1829 = EDGE_LOOP ( 'NONE', ( #652, #1110, #2026, #948, #1060, #921, #1690 ) ) ;
#1830 = EDGE_CURVE ( 'NONE', #1082, #884, #1546, .T. ) ;
#1831 = EDGE_CURVE ( 'NONE', #1569, #651, #661, .T. ) ;
#1832 = ORIENTED_EDGE ( 'NONE', *, *, #33, .F. ) ;
#1833 = DIRECTION ( 'NONE',  ( -0.4999999999999993339, -3.023711536277458572E-15, 0.8660254037844390407 ) ) ;
#1834 = EDGE_CURVE ( 'NONE', #1606, #1698, #1731, .T. ) ;
#1835 = PLANE ( 'NONE',  #976 ) ;
#1836 = DIRECTION ( 'NONE',  ( 0.000000000000000000, -1.000000000000000000, -3.491481338843133355E-15 ) ) ;
#1837 = LINE ( 'NONE', #1677, #1771 ) ;
#1838 = VECTOR ( 'NONE', #293, 1000.000000000000000 ) ;
#1839 = FACE_OUTER_BOUND ( 'NONE', #798, .T. ) ;
#1840 = VERTEX_POINT ( 'NONE', #83 ) ;
#1841 = EDGE_CURVE ( 'NONE', #1148, #329, #262, .T. ) ;
#1842 = EDGE_CURVE ( 'NONE', #1819, #1352, #413, .T. ) ;
#1843 = ORIENTED_EDGE ( 'NONE', *, *, #1458, .T. ) ;
#1844 = ORIENTED_EDGE ( 'NONE', *, *, #1035, .F. ) ;
#1845 = DIRECTION ( 'NONE',  ( 0.000000000000000000, -1.000000000000000000, -3.491481338843133355E-15 ) ) ;
#1846 = DIRECTION ( 'NONE',  ( 1.000000000000000000, 0.000000000000000000, 0.000000000000000000 ) ) ;
#1847 = AXIS2_PLACEMENT_3D ( 'NONE', #393, #1492, #1025 ) ;
#1848 = DIRECTION ( 'NONE',  ( 0.000000000000000000, -1.000000000000000000, -3.491481338843133355E-15 ) ) ;
#1849 = DIRECTION ( 'NONE',  ( -0.000000000000000000, 1.000000000000000000, 3.491481338843133355E-15 ) ) ;
#1850 = LINE ( 'NONE', #198, #539 ) ;
#1851 = EDGE_CURVE ( 'NONE', #1413, #2065, #734, .T. ) ;
#1852 = DIRECTION ( 'NONE',  ( 0.000000000000000000, -1.000000000000000000, -3.491481338843133355E-15 ) ) ;
#1853 = EDGE_LOOP ( 'NONE', ( #1945, #1097, #954, #1733, #1404, #1936, #1739 ) ) ;
#1854 = SECURITY_CLASSIFICATION ( '', '', #1535 ) ;
#1855 = VECTOR ( 'NONE', #1594, 1000.000000000000000 ) ;
#1856 = ORIENTED_EDGE ( 'NONE', *, *, #21, .F. ) ;
#1857 = EDGE_CURVE ( 'NONE', #1530, #704, #2055, .T. ) ;
#1858 = VERTEX_POINT ( 'NONE', #423 ) ;
#1859 = PLANE ( 'NONE',  #1687 ) ;
#1860 = VECTOR ( 'NONE', #1646, 1000.000000000000000 ) ;
#1861 = DIRECTION ( 'NONE',  ( 1.000000000000000000, 0.000000000000000000, 0.000000000000000000 ) ) ;
#1862 = CARTESIAN_POINT ( 'NONE',  ( 46.27905619136139137, 15.00000000000000533, 6.000000000000023981 ) ) ;
#1863 = COORDINATED_UNIVERSAL_TIME_OFFSET ( 8, 0, .BEHIND. ) ;
#1864 = ORIENTED_EDGE ( 'NONE', *, *, #1244, .T. ) ;
#1865 = EDGE_LOOP ( 'NONE', ( #111, #7, #80, #2041 ) ) ;
#1866 = ORIENTED_EDGE ( 'NONE', *, *, #1349, .T. ) ;
#1867 = DIRECTION ( 'NONE',  ( -1.000000000000000000, -0.000000000000000000, 0.000000000000000000 ) ) ;
#1868 = DIRECTION ( 'NONE',  ( 0.4999999999999993339, 3.023711536277458572E-15, -0.8660254037844390407 ) ) ;
#1869 = CARTESIAN_POINT ( 'NONE',  ( 87.26794919243110371, -4.999999999999995559, 5.999999999999950262 ) ) ;
#1870 = CARTESIAN_POINT ( 'NONE',  ( 109.9999999999998863, 2.499999999999886313, 20.19999999999997797 ) ) ;
#1871 = DATE_TIME_ROLE ( 'classification_date' ) ;
#1872 = AXIS2_PLACEMENT_3D ( 'NONE', #1794, #365, #854 ) ;
#1873 = VERTEX_POINT ( 'NONE', #1557 ) ;
#1874 = CIRCLE ( 'NONE', #999, 2.500000000000067502 ) ;
#1875 = ORIENTED_EDGE ( 'NONE', *, *, #476, .T. ) ;
#1876 = EDGE_CURVE ( 'NONE', #306, #387, #1951, .T. ) ;
#1877 = FACE_OUTER_BOUND ( 'NONE', #18, .T. ) ;
#1878 = AXIS2_PLACEMENT_3D ( 'NONE', #1067, #1558, #756 ) ;
#1879 = LINE ( 'NONE', #1073, #1471 ) ;
#1880 = DIRECTION ( 'NONE',  ( -0.4999999999999997224, 3.023711536277457389E-15, -0.8660254037844387076 ) ) ;
#1881 = AXIS2_PLACEMENT_3D ( 'NONE', #2038, #424, #1384 ) ;
#1882 = VECTOR ( 'NONE', #1880, 1000.000000000000114 ) ;
#1883 = ORIENTED_EDGE ( 'NONE', *, *, #1970, .T. ) ;
#1884 = VERTEX_POINT ( 'NONE', #2091 ) ;
#1885 = ORIENTED_EDGE ( 'NONE', *, *, #347, .F. ) ;
#1886 = CARTESIAN_POINT ( 'NONE',  ( 18.27905619136139492, 15.00000000000000533, 6.000000000000023981 ) ) ;
#1887 = CARTESIAN_POINT ( 'NONE',  ( 51.04145188432737967, 15.00000000000001243, 4.000000000000025757 ) ) ;
#1888 = EDGE_CURVE ( 'NONE', #1020, #192, #945, .T. ) ;
#1889 = DIRECTION ( 'NONE',  ( 0.000000000000000000, -1.000000000000000000, -3.491481338843133355E-15 ) ) ;
#1890 = VECTOR ( 'NONE', #1942, 1000.000000000000000 ) ;
#1891 = AXIS2_PLACEMENT_3D ( 'NONE', #1618, #170, #819 ) ;
#1892 = EDGE_LOOP ( 'NONE', ( #225, #215, #1832, #751 ) ) ;
#1893 = EDGE_CURVE ( 'NONE', #1476, #1020, #733, .T. ) ;
#1894 = EDGE_CURVE ( 'NONE', #1148, #1884, #1540, .T. ) ;
#1895 = VERTEX_POINT ( 'NONE', #283 ) ;
#1896 = DIRECTION ( 'NONE',  ( 0.000000000000000000, -3.491481338843133750E-15, 1.000000000000000000 ) ) ;
#1897 = ORIENTED_EDGE ( 'NONE', *, *, #590, .T. ) ;
#1898 = DIRECTION ( 'NONE',  ( 0.000000000000000000, -1.000000000000000000, -3.491481338843133355E-15 ) ) ;
#1899 = LINE ( 'NONE', #452, #1988 ) ;
#1900 = CARTESIAN_POINT ( 'NONE',  ( 61.00000000000000000, 15.00000000000001421, 3.000000000000025313 ) ) ;
#1901 = ORIENTED_EDGE ( 'NONE', *, *, #1257, .T. ) ;
#1902 = AXIS2_PLACEMENT_3D ( 'NONE', #1342, #1974, #864 ) ;
#1903 = CIRCLE ( 'NONE', #1978, 2.000000000000001776 ) ;
#1904 = EDGE_CURVE ( 'NONE', #636, #1873, #2042, .T. ) ;
#1905 = AXIS2_PLACEMENT_3D ( 'NONE', #464, #142, #1105 ) ;
#1906 = ORIENTED_EDGE ( 'NONE', *, *, #429, .F. ) ;
#1907 = EDGE_CURVE ( 'NONE', #1402, #1530, #789, .T. ) ;
#1908 = DIRECTION ( 'NONE',  ( 1.000000000000000000, 0.000000000000000000, 0.000000000000000000 ) ) ;
#1909 = VERTEX_POINT ( 'NONE', #1580 ) ;
#1910 = EDGE_CURVE ( 'NONE', #963, #430, #218, .T. ) ;
#1911 = CARTESIAN_POINT ( 'NONE',  ( 47.00000000000000000, 14.99999999999997335, 15.00000000000002665 ) ) ;
#1912 = DIRECTION ( 'NONE',  ( 0.000000000000000000, -1.000000000000000000, -3.491481338843133355E-15 ) ) ;
#1913 = ORIENTED_EDGE ( 'NONE', *, *, #1438, .T. ) ;
#1914 = ORIENTED_EDGE ( 'NONE', *, *, #1305, .T. ) ;
#1915 = AXIS2_PLACEMENT_3D ( 'NONE', #1514, #573, #1648 ) ;
#1916 = CARTESIAN_POINT ( 'NONE',  ( 120.0000000000000000, -4.999999999999975131, -4.380877463721056069E-14 ) ) ;
#1917 = ORIENTED_EDGE ( 'NONE', *, *, #1699, .F. ) ;
#1918 = VERTEX_POINT ( 'NONE', #621 ) ;
#1919 = DIRECTION ( 'NONE',  ( 1.000000000000000000, 0.000000000000000000, 0.000000000000000000 ) ) ;
#1920 = LOCAL_TIME ( 10, 53, 29.00000000000000000, #897 ) ;
#1921 = EDGE_CURVE ( 'NONE', #1507, #1768, #302, .T. ) ;
#1922 = EDGE_CURVE ( 'NONE', #1780, #1819, #633, .T. ) ;
#1923 = CYLINDRICAL_SURFACE ( 'NONE', #1292, 1.999999999999998224 ) ;
#1924 = DIRECTION ( 'NONE',  ( 0.000000000000000000, -1.000000000000000000, -3.491481338843133355E-15 ) ) ;
#1925 = CARTESIAN_POINT ( 'NONE',  ( 40.50555349946514383, 14.99999999999996980, 16.00000000000002842 ) ) ;
#1926 = CYLINDRICAL_SURFACE ( 'NONE', #362, 2.000000000000001776 ) ;
#1927 = DIRECTION ( 'NONE',  ( 0.000000000000000000, -1.000000000000000000, -3.491481338843133750E-15 ) ) ;
#1928 = ORIENTED_EDGE ( 'NONE', *, *, #1758, .T. ) ;
#1929 = EDGE_LOOP ( 'NONE', ( #38, #363, #1251, #1844 ) ) ;
#1930 = CARTESIAN_POINT ( 'NONE',  ( 82.50555349946513672, -4.999999999999988454, 3.999999999999953371 ) ) ;
#1931 = CARTESIAN_POINT ( 'NONE',  ( 109.9999999999998863, 7.500000000000119016, -7.471067811865669483 ) ) ;
#1932 = DIRECTION ( 'NONE',  ( 0.000000000000000000, -1.000000000000000000, -3.491481338843133355E-15 ) ) ;
#1933 = DIRECTION ( 'NONE',  ( -0.000000000000000000, 3.491481338843133355E-15, -1.000000000000000000 ) ) ;
#1934 = EDGE_LOOP ( 'NONE', ( #1577, #939, #619, #579, #1671, #1473, #1541 ) ) ;
#1935 = DIRECTION ( 'NONE',  ( 1.000000000000000000, 0.000000000000000000, 0.000000000000000000 ) ) ;
#1936 = ORIENTED_EDGE ( 'NONE', *, *, #33, .T. ) ;
#1937 = ADVANCED_FACE ( 'NONE', ( #1268 ), #1923, .F. ) ;
#1938 = EDGE_LOOP ( 'NONE', ( #1307, #922, #168, #290 ) ) ;
#1939 = PRODUCT ( 'DroneArmC', 'DroneArmC', '', ( #1559 ) ) ;
#1940 = DIRECTION ( 'NONE',  ( -0.4999999999999997224, 3.023711536277457389E-15, -0.8660254037844387076 ) ) ;
#1941 = DIRECTION ( 'NONE',  ( 0.000000000000000000, -1.000000000000000000, -3.491481338843133355E-15 ) ) ;
#1942 = DIRECTION ( 'NONE',  ( 0.4999999999999993339, 3.023711536277458572E-15, -0.8660254037844390407 ) ) ;
#1943 = ADVANCED_FACE ( 'NONE', ( #685 ), #40, .F. ) ;
#1944 = CARTESIAN_POINT ( 'NONE',  ( 16.54700538379251995, 15.00000000000000888, 5.000000000000024869 ) ) ;
#1945 = ORIENTED_EDGE ( 'NONE', *, *, #460, .T. ) ;
#1946 = CARTESIAN_POINT ( 'NONE',  ( 18.27905619136139492, 15.00000000000000533, 6.000000000000023981 ) ) ;
#1947 = ORIENTED_EDGE ( 'NONE', *, *, #229, .F. ) ;
#1948 = CLOSED_SHELL ( 'NONE', ( #1741, #698, #332, #1665, #986, #564, #1937, #771, #494, #256, #1389, #1273, #1673, #891, #608, #667, #315, #830, #783, #1096, #724, #949, #628, #1943, #1995, #1965, #1454, #1233, #191, #1048, #883, #1536, #1572, #1196, #251, #709, #1651, #8, #1149, #742, #51, #228, #1551, #2062, #865, #1982, #1262, #5, #26, #81, #1732, #203, #1425, #551, #431, #968, #2012, #199, #1637, #518, #1423 ) ) ;
#1949 = VERTEX_POINT ( 'NONE', #1620 ) ;
#1950 = DIRECTION ( 'NONE',  ( 0.000000000000000000, -1.000000000000000000, -3.491481338843133355E-15 ) ) ;
#1951 = LINE ( 'NONE', #2070, #1255 ) ;
#1952 = CARTESIAN_POINT ( 'NONE',  ( 10.77350269189625998, 14.99999999999997335, 15.00000000000002665 ) ) ;
#1953 = AXIS2_PLACEMENT_3D ( 'NONE', #1952, #1122, #1966 ) ;
#1954 = DIRECTION ( 'NONE',  ( 1.000000000000000000, 0.000000000000000000, 0.000000000000000000 ) ) ;
#1955 = DIRECTION ( 'NONE',  ( -1.000000000000000000, 0.000000000000000000, 0.000000000000000000 ) ) ;
#1956 = FACE_OUTER_BOUND ( 'NONE', #319, .T. ) ;
#1957 = DIRECTION ( 'NONE',  ( 1.000000000000000000, 0.000000000000000000, 0.000000000000000000 ) ) ;
#1958 = ORIENTED_EDGE ( 'NONE', *, *, #1799, .F. ) ;
#1959 = EDGE_CURVE ( 'NONE', #1858, #175, #50, .T. ) ;
#1960 = AXIS2_PLACEMENT_3D ( 'NONE', #1468, #803, #4 ) ;
#1961 = VERTEX_POINT ( 'NONE', #987 ) ;
#1962 = ORIENTED_EDGE ( 'NONE', *, *, #1857, .F. ) ;
#1963 = DIRECTION ( 'NONE',  ( 0.000000000000000000, -1.000000000000000000, -3.491481338843133355E-15 ) ) ;
#1964 = CIRCLE ( 'NONE', #1178, 2.000000000000001776 ) ;
#1965 = ADVANCED_FACE ( 'NONE', ( #1645 ), #834, .F. ) ;
#1966 = DIRECTION ( 'NONE',  ( 1.000000000000000000, 0.000000000000000000, 0.000000000000000000 ) ) ;
#1967 = CARTESIAN_POINT ( 'NONE',  ( 5.000000000000000888, 15.00000000000001421, 3.000000000000025313 ) ) ;
#1968 = CARTESIAN_POINT ( 'NONE',  ( 0.000000000000000000, -5.000000000000044409, 19.99999999999995381 ) ) ;
#1969 = DIRECTION ( 'NONE',  ( 0.000000000000000000, -1.000000000000000000, -3.491481338843133355E-15 ) ) ;
#1970 = EDGE_CURVE ( 'NONE', #1240, #1895, #675, .T. ) ;
#1971 = PLANE ( 'NONE',  #377 ) ;
#1972 = VERTEX_POINT ( 'NONE', #820 ) ;
#1973 = EDGE_LOOP ( 'NONE', ( #1864, #1641, #934, #1 ) ) ;
#1974 = DIRECTION ( 'NONE',  ( 0.000000000000000000, -1.000000000000000000, -3.491481338843133355E-15 ) ) ;
#1975 = CIRCLE ( 'NONE', #1728, 2.500000000000067946 ) ;
#1976 = CARTESIAN_POINT ( 'NONE',  ( 30.54700538379251995, 14.99999999999997335, 15.00000000000002665 ) ) ;
#1977 = FACE_BOUND ( 'NONE', #1934, .T. ) ;
#1978 = AXIS2_PLACEMENT_3D ( 'NONE', #867, #848, #1481 ) ;
#1979 = DIRECTION ( 'NONE',  ( 0.000000000000000000, -1.000000000000000000, -3.491481338843133355E-15 ) ) ;
#1980 = CARTESIAN_POINT ( 'NONE',  ( 68.50555349946513672, 14.99999999999996980, 16.00000000000002132 ) ) ;
#1981 = DIRECTION ( 'NONE',  ( 1.000000000000000000, 0.000000000000000000, 0.000000000000000000 ) ) ;
#1982 = ADVANCED_FACE ( 'NONE', ( #162 ), #1299, .F. ) ;
#1983 = EDGE_LOOP ( 'NONE', ( #740, #530, #1188, #1115 ) ) ;
#1984 = ORIENTED_EDGE ( 'NONE', *, *, #1486, .F. ) ;
#1985 = FACE_OUTER_BOUND ( 'NONE', #361, .T. ) ;
#1986 = AXIS2_PLACEMENT_3D ( 'NONE', #1336, #415, #221 ) ;
#1987 = EDGE_CURVE ( 'NONE', #1147, #399, #966, .T. ) ;
#1988 = VECTOR ( 'NONE', #1401, 1000.000000000000227 ) ;
#1989 = CARTESIAN_POINT ( 'NONE',  ( 66.77350269189624044, -5.000000000000026645, 14.99999999999995737 ) ) ;
#1990 = DIRECTION ( 'NONE',  ( 0.000000000000000000, -1.000000000000000000, -3.491481338843133355E-15 ) ) ;
#1991 = DIRECTION ( 'NONE',  ( 1.000000000000000000, 0.000000000000000000, 0.000000000000000000 ) ) ;
#1992 = EDGE_CURVE ( 'NONE', #1873, #1476, #27, .T. ) ;
#1993 = DIRECTION ( 'NONE',  ( 0.000000000000000000, -1.000000000000000000, -3.491481338843133355E-15 ) ) ;
#1994 = ORIENTED_EDGE ( 'NONE', *, *, #910, .F. ) ;
#1995 = ADVANCED_FACE ( 'NONE', ( #333 ), #1281, .F. ) ;
#1996 = ORIENTED_EDGE ( 'NONE', *, *, #989, .F. ) ;
#1997 = CARTESIAN_POINT ( 'NONE',  ( 17.26794919243112858, 14.99999999999997691, 14.00000000000002842 ) ) ;
#1998 = AXIS2_PLACEMENT_3D ( 'NONE', #1632, #1590, #790 ) ;
#1999 = DIRECTION ( 'NONE',  ( 0.000000000000000000, -1.000000000000000000, -3.491481338843133750E-15 ) ) ;
#2000 = DIRECTION ( 'NONE',  ( 0.000000000000000000, -1.000000000000000000, -3.491481338843133355E-15 ) ) ;
#2001 = DIRECTION ( 'NONE',  ( 1.000000000000000000, 0.000000000000000000, 0.000000000000000000 ) ) ;
#2002 = CARTESIAN_POINT ( 'NONE',  ( 82.50555349946513672, 15.00000000000001243, 4.000000000000023093 ) ) ;
#2003 = DIRECTION ( 'NONE',  ( 0.000000000000000000, -1.000000000000000000, -3.491481338843133355E-15 ) ) ;
#2004 = VERTEX_POINT ( 'NONE', #1631 ) ;
#2005 = EDGE_CURVE ( 'NONE', #1254, #201, #183, .T. ) ;
#2006 = ORIENTED_EDGE ( 'NONE', *, *, #1818, .T. ) ;
#2007 = DIRECTION ( 'NONE',  ( 0.000000000000000000, -1.000000000000000000, -3.491481338843133355E-15 ) ) ;
#2008 = FACE_OUTER_BOUND ( 'NONE', #1566, .T. ) ;
#2009 = LINE ( 'NONE', #678, #126 ) ;
#2010 = CIRCLE ( 'NONE', #992, 2.000000000000001776 ) ;
#2011 = AXIS2_PLACEMENT_3D ( 'NONE', #1224, #916, #606 ) ;
#2012 = ADVANCED_FACE ( 'NONE', ( #194 ), #499, .F. ) ;
#2013 = ORIENTED_EDGE ( 'NONE', *, *, #2066, .F. ) ;
#2014 = CIRCLE ( 'NONE', #186, 2.000000000000001776 ) ;
#2015 = VERTEX_POINT ( 'NONE', #846 ) ;
#2016 = ORIENTED_EDGE ( 'NONE', *, *, #1718, .F. ) ;
#2017 = CARTESIAN_POINT ( 'NONE',  ( 3.267949192431125027, 15.00000000000000533, 6.000000000000024869 ) ) ;
#2018 = CARTESIAN_POINT ( 'NONE',  ( 109.9999999999998863, 2.499999999999983569, -7.471067811865687247 ) ) ;
#2019 = EDGE_CURVE ( 'NONE', #1750, #1148, #233, .T. ) ;
#2020 = AXIS2_PLACEMENT_3D ( 'NONE', #1659, #1814, #246 ) ;
#2021 = DIRECTION ( 'NONE',  ( 0.000000000000000000, -1.000000000000000000, -3.491481338843133355E-15 ) ) ;
#2022 = FACE_OUTER_BOUND ( 'NONE', #899, .T. ) ;
#2023 = PERSON_AND_ORGANIZATION_ROLE ( 'classification_officer' ) ;
#2024 = VERTEX_POINT ( 'NONE', #1765 ) ;
#2025 = VECTOR ( 'NONE', #1022, 1000.000000000000000 ) ;
#2026 = ORIENTED_EDGE ( 'NONE', *, *, #1340, .T. ) ;
#2027 = EDGE_CURVE ( 'NONE', #1448, #1088, #545, .T. ) ;
#2028 =( NAMED_UNIT ( * ) PLANE_ANGLE_UNIT ( ) SI_UNIT ( $, .RADIAN. ) );
#2029 = LINE ( 'NONE', #745, #1821 ) ;
#2030 = AXIS2_PLACEMENT_3D ( 'NONE', #465, #1766, #1444 ) ;
#2031 = LINE ( 'NONE', #769, #862 ) ;
#2032 = CARTESIAN_POINT ( 'NONE',  ( 82.50555349946513672, 15.00000000000001243, 4.000000000000023093 ) ) ;
#2033 = CALENDAR_DATE ( 2026, 4, 8 ) ;
#2034 = ORIENTED_EDGE ( 'NONE', *, *, #1066, .F. ) ;
#2035 = ORIENTED_EDGE ( 'NONE', *, *, #397, .F. ) ;
#2036 = FACE_OUTER_BOUND ( 'NONE', #1267, .T. ) ;
#2037 = DIRECTION ( 'NONE',  ( 0.000000000000000000, -1.000000000000000000, -3.491481338843133355E-15 ) ) ;
#2038 = CARTESIAN_POINT ( 'NONE',  ( 38.77350269189625465, 14.99999999999997335, 15.00000000000002665 ) ) ;
#2039 = CARTESIAN_POINT ( 'NONE',  ( 109.9999999999998863, 5.000000000000051514, -7.471067811865678365 ) ) ;
#2040 = PERSON_AND_ORGANIZATION_ROLE ( 'design_owner' ) ;
#2041 = ORIENTED_EDGE ( 'NONE', *, *, #1987, .T. ) ;
#2042 = CIRCLE ( 'NONE', #1124, 2.000000000000001776 ) ;
#2043 = ORIENTED_EDGE ( 'NONE', *, *, #385, .T. ) ;
#2044 = DIRECTION ( 'NONE',  ( 1.000000000000000000, 0.000000000000000000, 0.000000000000000000 ) ) ;
#2045 = EDGE_CURVE ( 'NONE', #1352, #2078, #366, .T. ) ;
#2046 = DIRECTION ( 'NONE',  ( -1.000000000000000000, 0.000000000000000000, 0.000000000000000000 ) ) ;
#2047 = CARTESIAN_POINT ( 'NONE',  ( 88.54700538379250929, 14.99999999999997335, 14.99999999999999289 ) ) ;
#2048 = EDGE_CURVE ( 'NONE', #1701, #1390, #1656, .T. ) ;
#2049 = CIRCLE ( 'NONE', #1301, 1.999999999999994893 ) ;
#2050 = EDGE_LOOP ( 'NONE', ( #395, #502, #717, #24 ) ) ;
#2051 = VERTEX_POINT ( 'NONE', #321 ) ;
#2052 = AXIS2_PLACEMENT_3D ( 'NONE', #1518, #1845, #696 ) ;
#2053 = ORIENTED_EDGE ( 'NONE', *, *, #1411, .T. ) ;
#2054 = FACE_BOUND ( 'NONE', #446, .T. ) ;
#2055 = LINE ( 'NONE', #1693, #353 ) ;
#2056 = CARTESIAN_POINT ( 'NONE',  ( 88.54700538379250929, 14.99999999999997335, 15.00000000000002665 ) ) ;
#2057 = DIRECTION ( 'NONE',  ( 0.000000000000000000, -3.491481338843133750E-15, 1.000000000000000000 ) ) ;
#2058 = LINE ( 'NONE', #1247, #1234 ) ;
#2059 = VECTOR ( 'NONE', #644, 1000.000000000000000 ) ;
#2060 = EDGE_CURVE ( 'NONE', #2015, #1485, #3, .T. ) ;
#2061 = CARTESIAN_POINT ( 'NONE',  ( 89.00000000000000000, 15.00000000000001421, 3.000000000000025313 ) ) ;
#2062 = ADVANCED_FACE ( 'NONE', ( #1774 ), #1702, .F. ) ;
#2063 = AXIS2_PLACEMENT_3D ( 'NONE', #130, #1578, #2044 ) ;
#2064 = EDGE_LOOP ( 'NONE', ( #252, #1906, #586, #871 ) ) ;
#2065 = VERTEX_POINT ( 'NONE', #2017 ) ;
#2066 = EDGE_CURVE ( 'NONE', #1840, #626, #1183, .T. ) ;
#2067 = EDGE_LOOP ( 'NONE', ( #505, #469, #610, #1330 ) ) ;
#2068 = DIRECTION ( 'NONE',  ( -0.4999999999999997224, 3.023711536277457389E-15, -0.8660254037844387076 ) ) ;
#2069 = CC_DESIGN_DATE_AND_TIME_ASSIGNMENT ( #1056, #76, ( #1655 ) ) ;
#2070 = CARTESIAN_POINT ( 'NONE',  ( 109.9999999999998863, 2.499999999999983569, -7.471067811865687247 ) ) ;
#2071 = CYLINDRICAL_SURFACE ( 'NONE', #1607, 2.000000000000001776 ) ;
#2072 = DIRECTION ( 'NONE',  ( 0.000000000000000000, -3.491481338843133355E-15, 1.000000000000000000 ) ) ;
#2073 = ORIENTED_EDGE ( 'NONE', *, *, #1534, .T. ) ;
#2074 = FACE_OUTER_BOUND ( 'NONE', #1938, .T. ) ;
#2075 = AXIS2_PLACEMENT_3D ( 'NONE', #1989, #2000, #548 ) ;
#2076 = ORIENTED_EDGE ( 'NONE', *, *, #1392, .F. ) ;
#2077 = DIRECTION ( 'NONE',  ( 0.000000000000000000, -1.000000000000000000, -3.491481338843133355E-15 ) ) ;
#2078 = VERTEX_POINT ( 'NONE', #1511 ) ;
#2079 = DIRECTION ( 'NONE',  ( 0.000000000000000000, -1.000000000000000000, -3.491481338843133355E-15 ) ) ;
#2080 = DIRECTION ( 'NONE',  ( 0.000000000000000000, -1.000000000000000000, -3.491481338843133355E-15 ) ) ;
#2081 = CARTESIAN_POINT ( 'NONE',  ( 18.54700538379251640, 15.00000000000000888, 4.999999999999990230 ) ) ;
#2082 = ORIENTED_EDGE ( 'NONE', *, *, #731, .T. ) ;
#2083 = ORIENTED_EDGE ( 'NONE', *, *, #340, .F. ) ;
#2084 = AXIS2_PLACEMENT_3D ( 'NONE', #735, #1370, #582 ) ;
#2085 = AXIS2_PLACEMENT_3D ( 'NONE', #887, #1004, #711 ) ;
#2086 = DIRECTION ( 'NONE',  ( 0.000000000000000000, -3.491481338843133355E-15, 1.000000000000000000 ) ) ;
#2087 = ORIENTED_EDGE ( 'NONE', *, *, #1084, .T. ) ;
#2088 = ORIENTED_EDGE ( 'NONE', *, *, #1805, .F. ) ;
#2089 = DIRECTION ( 'NONE',  ( 0.000000000000000000, -1.000000000000000000, -3.491481338843133355E-15 ) ) ;
#2090 = AXIS2_PLACEMENT_3D ( 'NONE', #1916, #337, #471 ) ;
#2091 = CARTESIAN_POINT ( 'NONE',  ( 30.54700538379251995, 14.99999999999996625, 17.00000000000002842 ) ) ;
#2092 = LINE ( 'NONE', #676, #587 ) ;
#2093 = DIRECTION ( 'NONE',  ( 0.000000000000000000, -1.000000000000000000, -3.491481338843133355E-15 ) ) ;
#2094 = ORIENTED_EDGE ( 'NONE', *, *, #1411, .F. ) ;
#2095 = EDGE_CURVE ( 'NONE', #1735, #642, #62, .T. ) ;
#2096 = CARTESIAN_POINT ( 'NONE',  ( 86.54700538379250929, 14.99999999999997335, 15.00000000000002665 ) ) ;
#2097 = CIRCLE ( 'NONE', #1241, 1.999999999999999112 ) ;
#2098 = ORIENTED_EDGE ( 'NONE', *, *, #1035, .T. ) ;
ENDSEC;
END-ISO-10303-21;
